"ID","Description","setSize","enrichmentScore","NES","pvalue","p.adjust","qvalue","rank","leading_edge","core_enrichment"
"GO:0051239","regulation of multicellular organismal process",355,0.380793087554427,2.06646812768753,8.42616307228294e-09,8.14388660936146e-06,6.62562506841616e-06,217,"tags=24%, list=15%, signal=27%","FN1/ANGPTL4/SPP1/NUPR1/CLEC5A/TREM2/MMP12/C3/PLAU/APOE/TGM2/APOC1/PROCR/GPNMB/SCD/MMP14/CD109/ADM/IL7R/SNAI1/RETN/DHRS3/ASPH/HPSE/ADAM8/CD81/SLAMF8/ITGA5/ACP5/ETV5/SPHK1/HSPH1/HSPB1/IL1RAP/HSPA1B/SLC11A1/MERTK/HK2/SLC7A5/SDC4/DOCK4/ENG/ITGAX/FABP5/ITGAV/IL4I1/AXL/PAG1/PHLDA2/INHBA/VASH1/CEBPB/MMP9/CD9/TGFBR1/SAP30/CCL2/TNFSF12/CD38/YWHAH/HAVCR2/PIM1/RHOB/HSPA1A/PNP/INO80C/MIF/HMOX1/HSPD1/SRRT/NRP1/GBP5/BHLHE40/SERPINF1/ACOT13/SKIL/CORO1C/APP/ANKH/G0S2/TSC22D1/PRKCA/VEGFB/VEGFA/THBD"
"GO:0048731","system development",380,0.377366696038058,2.06219285361322,5.78412867458761e-09,8.14388660936146e-06,6.62562506841616e-06,226,"tags=25%, list=16%, signal=28%","FN1/ANGPTL4/SPP1/NUPR1/TREM2/MMP12/C3/APOE/TGM2/B3GNT5/BAG3/GPNMB/SERPINH1/PDLIM7/MMP14/ADM/MMP19/SLC11A2/IL7R/SNAI1/RETN/NDRG1/DHRS3/SLC1A3/HPSE/ADAM8/ITGA5/BNIP3/ACP5/ID3/ETV5/SPHK1/FKBP4/HSPB1/IL1RAP/ALCAM/UGCG/MERTK/HK2/SLC7A5/SDC4/DOCK4/ENG/ITGAX/RALA/PMP22/ANPEP/ACSL3/ITGAV/AXL/CAPG/INHBA/VASH1/SLC26A2/CEBPB/MMP9/ANKLE2/CD9/TGFBR1/CCL2/ST14/TNFSF12/RCN1/CD38/YWHAH/CLIC4/HAVCR2/PIM1/RHOB/UGP2/LDHA/HMOX1/GSN/HSPD1/SRRT/NRP1/HSPA5/BHLHE40/SERPINF1/ATF5/SKIL/CORO1C/NRP2/APP/ANKH/FPR2/NAA15/PRKCA/VEGFB/VEGFA/SRGAP1/ACSL4/DEGS1/DENND5A"
"GO:0009653","anatomical structure morphogenesis",269,0.405436416385151,2.16821647249792,4.43967482197199e-08,2.14547285771796e-05,1.74549320632267e-05,216,"tags=26%, list=15%, signal=27%","FN1/ANGPTL4/SPP1/TREM2/MMP12/C3/APOE/TGM2/GPNMB/SERPINH1/MMP14/CD109/ADM/MMP19/SLC11A2/IL7R/SNAI1/DHRS3/ASPH/ACTN1/SLC1A3/HPSE/ADAM8/CD81/ITGA5/BNIP3/ACP5/ID3/ETV5/FMNL2/SPHK1/KRT18/HSPB1/ALCAM/HK2/SDC4/ENG/ITGAX/RALA/PMP22/ANPEP/ITGAV/PHLDA2/INHBA/VASH1/CEBPB/MMP9/CD9/TGFBR1/CCL2/ST14/TNFSF12/YWHAH/CLIC4/PIM1/RHOB/HMOX1/NRP1/HSPA5/SERPINF1/SKIL/CORO1C/NRP2/APP/ANKH/FPR2/NAA15/PRKCA/VEGFB/VEGFA"
"GO:0007275","multicellular organism development",460,0.352199435199744,1.96261306070288,3.45865764448788e-08,2.14547285771796e-05,1.74549320632267e-05,226,"tags=23%, list=16%, signal=28%","FN1/ANGPTL4/SPP1/NUPR1/TREM2/MMP12/C3/APOE/TGM2/B3GNT5/BAG3/LHFPL2/GPNMB/SERPINH1/PDLIM7/MMP14/CD109/ADM/MMP19/SLC11A2/IL7R/SNAI1/RETN/NDRG1/DHRS3/ASPH/SLC1A3/HPSE/ADAM8/SLAMF8/ITGA5/BNIP3/ACP5/ID3/ETV5/SPHK1/FKBP4/HSPB1/IL1RAP/ALCAM/HSPA1B/UGCG/MERTK/HK2/SLC7A5/SDC4/DOCK4/ENG/ITGAX/RALA/PMP22/ANPEP/ACSL3/ITGAV/IL4I1/AXL/CAPG/PHLDA2/INHBA/VASH1/SLC26A2/CEBPB/MMP9/ANKLE2/CD9/TGFBR1/CCL2/ST14/TNFSF12/RCN1/CD38/YWHAH/CLIC4/HAVCR2/PIM1/RHOB/HSPA1A/PNP/INO80C/UGP2/LDHA/HMOX1/GSN/HSPD1/SRRT/NRP1/HSPA5/BHLHE40/SERPINF1/ATF5/SKIL/CORO1C/NRP2/APP/ANKH/FPR2/NAA15/TSC22D1/PRKCA/VEGFB/VEGFA/SRGAP1/ACSL4/DUSP4/DEGS1/DENND5A"
"GO:2000026","regulation of multicellular organismal development",187,0.444934409415199,2.30004585317864,1.18362052952436e-07,4.57587696714119e-05,3.72279804444084e-05,216,"tags=28%, list=15%, signal=28%","FN1/ANGPTL4/SPP1/NUPR1/TREM2/C3/TGM2/GPNMB/MMP14/CD109/ADM/IL7R/RETN/HPSE/ADAM8/SLAMF8/ITGA5/ETV5/SPHK1/HSPB1/IL1RAP/HSPA1B/HK2/SLC7A5/ENG/ITGAX/IL4I1/AXL/PHLDA2/INHBA/VASH1/CEBPB/MMP9/TGFBR1/TNFSF12/YWHAH/PIM1/RHOB/HSPA1A/PNP/INO80C/HMOX1/SRRT/NRP1/BHLHE40/SERPINF1/SKIL/CORO1C/ANKH/TSC22D1/PRKCA/VEGFB/VEGFA"
"GO:0062012","regulation of small molecule metabolic process",36,0.703172630170055,2.69388071257041,1.71271852693278e-07,5.12622650154653e-05,4.17054613407603e-05,60,"tags=28%, list=4%, signal=27%","ANGPTL4/NUPR1/TREM2/TFF3/APOE/APOC1/ADM/SNAI1/ABCG1/FBP1"
"GO:0051240","positive regulation of multicellular organismal process",233,0.412263665123334,2.2038568760305,1.85636758979957e-07,5.12622650154653e-05,4.17054613407603e-05,217,"tags=26%, list=15%, signal=27%","FN1/ANGPTL4/SPP1/CLEC5A/TREM2/MMP12/C3/PLAU/APOE/TGM2/SCD/MMP14/ADM/IL7R/SNAI1/RETN/HPSE/ADAM8/CD81/ITGA5/ETV5/SPHK1/HSPH1/HSPB1/IL1RAP/HSPA1B/SLC11A1/HK2/SLC7A5/ENG/ITGAX/FABP5/IL4I1/AXL/INHBA/CEBPB/TGFBR1/SAP30/CCL2/TNFSF12/CD38/HAVCR2/PIM1/RHOB/HSPA1A/PNP/MIF/HMOX1/HSPD1/SRRT/NRP1/GBP5/SERPINF1/SKIL/CORO1C/APP/G0S2/PRKCA/VEGFB/VEGFA/THBD"
"GO:0050793","regulation of developmental process",263,0.392831087593535,2.09818541102081,2.61675619300788e-07,6.32273715135528e-05,5.14399177941285e-05,216,"tags=24%, list=15%, signal=25%","FN1/ANGPTL4/SPP1/NUPR1/TREM2/C3/APOE/TGM2/GPNMB/MMP14/CD109/ADM/IL7R/SNAI1/RETN/HPSE/ADAM8/SLAMF8/ITGA5/BNIP3/ID3/ABCG1/ETV5/FMNL2/SPHK1/HSPB1/IL1RAP/HSPA1B/HK2/SLC7A5/ENG/ITGAX/RALA/ITGAV/IL4I1/AXL/PHLDA2/INHBA/VASH1/CEBPB/MMP9/TGFBR1/SAP30/CCL2/TNFSF12/YWHAH/PIM1/RHOB/HSPA1A/PNP/INO80C/HMOX1/SRRT/NRP1/BHLHE40/SERPINF1/SKIL/CORO1C/APP/ANKH/TSC22D1/PRKCA/VEGFB/VEGFA"
"GO:0048646","anatomical structure formation involved in morphogenesis",157,0.459085436728867,2.33109717001322,5.57703544480631e-07,0.00011978232794234,9.74513561934576e-05,216,"tags=30%, list=15%, signal=29%","FN1/ANGPTL4/TREM2/C3/TGM2/GPNMB/MMP14/CD109/ADM/MMP19/SNAI1/ACTN1/HPSE/ADAM8/CD81/ITGA5/SPHK1/HSPB1/HK2/SDC4/ENG/ITGAX/RALA/PMP22/ANPEP/ITGAV/INHBA/VASH1/MMP9/CD9/TGFBR1/CCL2/ST14/TNFSF12/CLIC4/PIM1/RHOB/HMOX1/NRP1/SERPINF1/SKIL/NRP2/FPR2/NAA15/PRKCA/VEGFB/VEGFA"
"GO:0051094","positive regulation of developmental process",154,0.45348730693317,2.29050875430681,6.66295008504785e-07,0.000128794825143975,0.000104783657126963,216,"tags=30%, list=15%, signal=28%","FN1/ANGPTL4/TREM2/C3/APOE/TGM2/MMP14/ADM/IL7R/SNAI1/RETN/HPSE/ADAM8/ITGA5/BNIP3/ETV5/SPHK1/HSPB1/IL1RAP/HSPA1B/HK2/SLC7A5/ENG/ITGAX/RALA/IL4I1/AXL/INHBA/CEBPB/TGFBR1/SAP30/TNFSF12/PIM1/RHOB/HSPA1A/PNP/HMOX1/SRRT/NRP1/SERPINF1/SKIL/CORO1C/APP/PRKCA/VEGFB/VEGFA"
"GO:0043066","negative regulation of apoptotic process",126,0.481907635429327,2.36474367701355,1.11405766494313e-06,0.00019577031512137,0.000159272933150721,244,"tags=36%, list=17%, signal=33%","ANGPTL4/NUPR1/CLEC5A/TREM2/BAG3/IL7R/SNAI1/ADAM8/PPIF/ITGA5/BNIP3/SPHK1/KRT18/HSPB1/HSPA1B/MERTK/SLC7A5/PLK3/ITGAV/AXL/CEBPB/MMP9/ANKLE2/TGFBR1/CCL2/CD38/PIM1/HSPA1A/MIF/PEA15/HMOX1/HSPD1/NRP1/HSPA5/ATF5/FPR2/NAA15/TSC22D1/PRKCA/VEGFB/VEGFA/OPN3/VDAC1/SEMA4D/SERPINB9"
"GO:0009611","response to wounding",83,0.543935408277541,2.51478600743836,1.38177898660503e-06,0.00020545990623904,0.000167156097650843,130,"tags=28%, list=9%, signal=27%","FN1/ANGPTL4/SPP1/TREM2/MMP12/PLAU/APOE/PROCR/CD109/SLC1A3/HPSE/ITGA5/BNIP3/HSPB1/SLC11A1/MERTK/SDC4/ENG/ITGAV/AXL/VASH1/CD9/TGFBR1"
"GO:0042221","response to chemical",415,0.334721117617547,1.84482864394697,1.36580137541263e-06,0.00020545990623904,0.000167156097650843,217,"tags=24%, list=15%, signal=28%","SPP1/NUPR1/TREM2/MMP12/C3/PLAU/APOE/TGM2/GPNMB/SCD/FABP1/MMP14/MMP19/SLC11A2/IL7R/RETN/NDRG1/DHRS3/ASPH/SLC1A3/HPSE/ADAM8/CD81/PPIF/SLAMF8/ZFAND2A/BNIP3/ACP5/ID3/ABCG1/ETV5/ALOX5AP/FBP1/ERO1A/ALAS1/SPHK1/FKBP4/KRT18/HSPB1/IL1RAP/HSPA1B/UGCG/SLC11A1/HK2/SLC7A5/SLCO2B1/DOCK4/ENG/TREM1/RALA/PLK3/ITGAV/AXL/INHBA/CTSL/CEBPB/MMP9/ST3GAL6/STIP1/CD9/TGFBR1/PTGS1/CCL2/PLP2/SRM/CD38/YWHAH/BOLA3/CCL20/CLIC4/PLIN2/HAVCR2/MT1F/PIM1/RHOB/HSPA1A/PNP/MIF/HMOX1/GSN/HSPD1/SRRT/NRP1/GPR35/GBP5/HSPA5/SERPINF1/SKIL/CORO1C/NRP2/APP/ETV3/ANKH/NFAT5/FPR2/PRKCA/VEGFB/VEGFA/THBD"
"GO:0048514","blood vessel morphogenesis",101,0.505469505565121,2.40448264776037,1.77168407756738e-06,0.000244618951566982,0.000199014737735765,216,"tags=33%, list=15%, signal=30%","FN1/ANGPTL4/C3/APOE/TGM2/GPNMB/MMP14/ADM/MMP19/HPSE/ADAM8/ITGA5/SPHK1/HSPB1/HK2/ENG/ITGAX/ANPEP/ITGAV/VASH1/TGFBR1/CCL2/TNFSF12/CLIC4/RHOB/HMOX1/NRP1/SERPINF1/NRP2/NAA15/PRKCA/VEGFB/VEGFA"
"GO:0001525","angiogenesis",90,0.528656721395438,2.47913812234097,1.92788802282814e-06,0.000248440503208453,0.000202123839024929,216,"tags=36%, list=15%, signal=32%","FN1/ANGPTL4/C3/TGM2/GPNMB/MMP14/ADM/MMP19/HPSE/ADAM8/ITGA5/SPHK1/HSPB1/HK2/ENG/ITGAX/ANPEP/ITGAV/VASH1/TGFBR1/CCL2/TNFSF12/CLIC4/RHOB/HMOX1/NRP1/SERPINF1/NRP2/NAA15/PRKCA/VEGFB/VEGFA"
"GO:0042060","wound healing",68,0.563139135447671,2.50458575317766,2.77440856297404e-06,0.000315466573660519,0.000256654265825586,130,"tags=26%, list=9%, signal=25%","FN1/ANGPTL4/MMP12/PLAU/APOE/PROCR/CD109/HPSE/ITGA5/HSPB1/SLC11A1/MERTK/SDC4/ENG/ITGAV/AXL/CD9/TGFBR1"
"GO:0062014","negative regulation of small molecule metabolic process",11,0.870974925750023,2.41825080818245,2.64998867494313e-06,0.000315466573660519,0.000256654265825586,60,"tags=55%, list=4%, signal=53%","ANGPTL4/NUPR1/APOE/APOC1/SNAI1/FBP1"
"GO:0043069","negative regulation of programmed cell death",130,0.471824504104455,2.33022039420534,3.34161261923896e-06,0.000322966859649445,0.000262756276481211,244,"tags=35%, list=17%, signal=32%","ANGPTL4/NUPR1/CLEC5A/TREM2/BAG3/IL7R/SNAI1/ADAM8/PPIF/ITGA5/BNIP3/SPHK1/KRT18/HSPB1/HSPA1B/MERTK/SLC7A5/PLK3/ITGAV/AXL/CEBPB/MMP9/ANKLE2/TGFBR1/CCL2/CD38/PIM1/HSPA1A/MIF/PEA15/HMOX1/HSPD1/NRP1/HSPA5/ATF5/FPR2/NAA15/TSC22D1/PRKCA/VEGFB/VEGFA/OPN3/VDAC1/SEMA4D/SERPINB9"
"GO:0035295","tube development",137,0.449392682847476,2.24555925145104,3.07045940334364e-06,0.000322966859649445,0.000262756276481211,216,"tags=28%, list=15%, signal=26%","FN1/ANGPTL4/MMP12/C3/APOE/TGM2/GPNMB/MMP14/ADM/MMP19/HPSE/ADAM8/ITGA5/ETV5/SPHK1/HSPB1/HK2/SDC4/ENG/ITGAX/RALA/ANPEP/ITGAV/VASH1/TGFBR1/CCL2/ST14/TNFSF12/CLIC4/RHOB/HMOX1/NRP1/SERPINF1/NRP2/NAA15/PRKCA/VEGFB/VEGFA"
"GO:0007399","nervous system development",217,0.402067953047948,2.12567223763928,3.30063283040917e-06,0.000322966859649445,0.000262756276481211,301,"tags=35%, list=21%, signal=32%","FN1/SPP1/TREM2/C3/APOE/TGM2/B3GNT5/BAG3/MMP14/ADM/SLC11A2/NDRG1/SLC1A3/BNIP3/ID3/ETV5/SPHK1/FKBP4/IL1RAP/ALCAM/UGCG/MERTK/SLC7A5/SDC4/DOCK4/ITGAX/RALA/PMP22/ACSL3/AXL/CAPG/INHBA/CEBPB/ANKLE2/CD9/TGFBR1/CCL2/ST14/CD38/YWHAH/UGP2/LDHA/GSN/SRRT/NRP1/HSPA5/BHLHE40/SERPINF1/ATF5/SKIL/CORO1C/NRP2/APP/FPR2/PRKCA/VEGFA/SRGAP1/ACSL4/DEGS1/DENND5A/PGRMC1/SEMA4D/DOCK10/MDM2/MARCKSL1/ZC3H12A/SPINT1/RAB13/TLR2/NME1/SDC2/STK24/PLEC/SETD5/ZMIZ1"
"GO:0035239","tube morphogenesis",120,0.478792644380582,2.32495311693253,4.30399205398973e-06,0.000396172220969626,0.000322313991411562,216,"tags=31%, list=15%, signal=29%","FN1/ANGPTL4/C3/APOE/TGM2/GPNMB/MMP14/ADM/MMP19/HPSE/ADAM8/ITGA5/ETV5/SPHK1/HSPB1/HK2/SDC4/ENG/ITGAX/RALA/ANPEP/ITGAV/VASH1/TGFBR1/CCL2/ST14/TNFSF12/CLIC4/RHOB/HMOX1/NRP1/SERPINF1/NRP2/NAA15/PRKCA/VEGFB/VEGFA"
"GO:0022603","regulation of anatomical structure morphogenesis",97,0.506170473883383,2.40265196294702,5.18983790701351e-06,0.000455998030648051,0.000370986499190344,216,"tags=31%, list=15%, signal=28%","FN1/ANGPTL4/SPP1/C3/TGM2/GPNMB/ADM/ITGA5/BNIP3/ETV5/FMNL2/SPHK1/HSPB1/HK2/ENG/ITGAX/RALA/VASH1/CCL2/TNFSF12/YWHAH/RHOB/HMOX1/NRP1/SERPINF1/SKIL/CORO1C/PRKCA/VEGFB/VEGFA"
"GO:0023056","positive regulation of signaling",201,0.399031744673913,2.10322830158368,5.72338380981654e-06,0.00048101308279893,0.000391338005119722,222,"tags=26%, list=15%, signal=26%","FN1/SPP1/NUPR1/TREM2/MMP12/C3/PLAU/APOE/TGM2/GPNMB/IL7R/RETN/SLC1A3/HPSE/ADAM8/CD81/ITGA5/SPHK1/HSPA1B/MERTK/ENG/RALA/FABP5/ATP2C1/SLC20A1/ITGAV/AXL/INHBA/MMP9/TGFBR1/CCL2/TNFSF12/CD38/HAVCR2/PIM1/HSPA1A/NEK6/MIF/PEA15/HMOX1/NRP1/PSMA6/GBP5/SKIL/APP/NFAT5/FPR2/G0S2/TSC22D1/PRKCA/VEGFB/VEGFA/ACSL4"
"GO:0044281","small molecule metabolic process",165,0.428522986207965,2.19080273031779,7.00394248763344e-06,0.000564109201191477,0.000458942547215981,230,"tags=30%, list=16%, signal=28%","ANGPTL4/NUPR1/TREM2/C3/TFF3/APOE/APOC1/SCD/BCAT1/ADM/SNAI1/DHRS3/SLC1A3/ABCG1/ALOX5AP/FBP1/ERO1A/SPHK1/SLC5A3/PDXK/HSPA1B/HK2/UPP1/FABP5/APOBR/SDS/ACSL3/IL4I1/INHBA/PTGS1/CD38/BOLA3/HSPA1A/PNP/MIF/UGP2/GALM/SOAT1/LDHA/AMPD3/GCHFR/NUDT14/APP/ANKH/MTHFS/SLC16A3/ACSL4/DEGS1/SESN2"
"GO:0030154","cell differentiation",405,0.326432378380286,1.79640429101196,1.02305831189454e-05,0.000760604506496978,0.000618805310919207,302,"tags=28%, list=21%, signal=31%","FN1/SPP1/NUPR1/CLEC5A/TREM2/C3/APOE/TGM2/SERPINH1/PDLIM7/MMP14/CD109/ADM/MMP19/SLC11A2/IL7R/SNAI1/RETN/NDRG1/ACTN1/SLC1A3/HPSE/ADAM8/CD81/PPIF/SLAMF8/ITGA5/BNIP3/ID3/ABCG1/ETV5/ERO1A/ALAS1/FKBP4/ALCAM/HSPA1B/UGCG/MERTK/SLC7A5/SDC4/ENG/PMP22/ANPEP/ACSL3/A2M/ITGAV/IL4I1/AXL/INHBA/CTSL/SLC26A2/CEBPB/MMP9/CATSPER1/CD9/TGFBR1/SAP30/DNASE2/CCL2/ST14/TNFSF12/CD38/YWHAH/CLIC4/PIM1/RHOB/HSPA1A/PNP/SOAT1/SRRT/NRP1/BHLHE40/SERPINF1/ATF5/SKIL/CORO1C/NRP2/APP/ETV3/FPR2/NAA15/TSC22D1/PRKCA/VEGFA/OPN3/ACSL4/DENND5A/VDAC1/PGRMC1/SEMA4D/DOCK10/LTBR/MDM2/ACADVL/IL6R/ZC3H12A/ATP2A2/SPINT1/RAB13/CLPTM1/TLR2/C1QC/IL2RG/NME1/SDC2/FGR/JMJD6/STK24/PLEC/FNIP1/DDX41/SLC1A5/TMEM176A/ZMIZ1/AFF4"
"GO:0048869","cellular developmental process",405,0.326432378380286,1.79640429101196,1.02305831189454e-05,0.000760604506496978,0.000618805310919207,302,"tags=28%, list=21%, signal=31%","FN1/SPP1/NUPR1/CLEC5A/TREM2/C3/APOE/TGM2/SERPINH1/PDLIM7/MMP14/CD109/ADM/MMP19/SLC11A2/IL7R/SNAI1/RETN/NDRG1/ACTN1/SLC1A3/HPSE/ADAM8/CD81/PPIF/SLAMF8/ITGA5/BNIP3/ID3/ABCG1/ETV5/ERO1A/ALAS1/FKBP4/ALCAM/HSPA1B/UGCG/MERTK/SLC7A5/SDC4/ENG/PMP22/ANPEP/ACSL3/A2M/ITGAV/IL4I1/AXL/INHBA/CTSL/SLC26A2/CEBPB/MMP9/CATSPER1/CD9/TGFBR1/SAP30/DNASE2/CCL2/ST14/TNFSF12/CD38/YWHAH/CLIC4/PIM1/RHOB/HSPA1A/PNP/SOAT1/SRRT/NRP1/BHLHE40/SERPINF1/ATF5/SKIL/CORO1C/NRP2/APP/ETV3/FPR2/NAA15/TSC22D1/PRKCA/VEGFA/OPN3/ACSL4/DENND5A/VDAC1/PGRMC1/SEMA4D/DOCK10/LTBR/MDM2/ACADVL/IL6R/ZC3H12A/ATP2A2/SPINT1/RAB13/CLPTM1/TLR2/C1QC/IL2RG/NME1/SDC2/FGR/JMJD6/STK24/PLEC/FNIP1/DDX41/SLC1A5/TMEM176A/ZMIZ1/AFF4"
"GO:0019216","regulation of lipid metabolic process",39,0.648369916280905,2.55372291243907,1.28633450213881e-05,0.000920920219494191,0.000749233429315937,104,"tags=28%, list=7%, signal=27%","ANGPTL4/TREM2/C3/APOE/APOC1/ADM/SNAI1/ABCG1/SPHK1/FABP5/ACSL3"
"GO:0046890","regulation of lipid biosynthetic process",27,0.71820115598534,2.57446389239502,1.53487683366532e-05,0.00102307479981899,0.000832343371867873,104,"tags=37%, list=7%, signal=35%","ANGPTL4/C3/APOE/APOC1/ADM/SNAI1/ABCG1/SPHK1/FABP5/ACSL3"
"GO:0042981","regulation of apoptotic process",206,0.392139894513669,2.06769137976664,1.4965045749567e-05,0.00102307479981899,0.000832343371867873,223,"tags=27%, list=15%, signal=27%","ANGPTL4/NUPR1/CLEC5A/TREM2/APOE/TGM2/BAG3/IL7R/SNAI1/ACTN1/ADAM8/PPIF/ITGA5/BNIP3/ID3/SPHK1/KRT18/HSPB1/HSPA1B/MERTK/SLC7A5/PLK3/ITGAV/AXL/PHLDA2/INHBA/CEBPB/MMP9/ANKLE2/TGFBR1/CCL2/CCNL2/TNFSF12/CD38/PIM1/RHOB/HSPA1A/MIF/PEA15/HMOX1/GSN/HSPD1/NRP1/HSPA5/ATF5/SKIL/APP/FPR2/G0S2/NAA15/TSC22D1/PRKCA/VEGFB/VEGFA/OPN3/PHLDA1"
"GO:0001568","blood vessel development",112,0.461183752012183,2.24265379120471,1.62591388675313e-05,0.0010476305143646,0.00085232117431901,216,"tags=29%, list=15%, signal=27%","FN1/ANGPTL4/C3/APOE/TGM2/GPNMB/MMP14/ADM/MMP19/HPSE/ADAM8/ITGA5/SPHK1/HSPB1/HK2/ENG/ITGAX/ANPEP/ITGAV/VASH1/TGFBR1/CCL2/TNFSF12/CLIC4/RHOB/HMOX1/NRP1/SERPINF1/NRP2/NAA15/PRKCA/VEGFB/VEGFA"
"GO:0051604","protein maturation",89,0.506477202862274,2.36660046217219,1.78388524690544e-05,0.00111233876847362,0.000904965894355427,221,"tags=34%, list=15%, signal=30%","FN1/C3/PLAU/BAG3/SERPINH1/MMP14/HSPA6/ADAM8/PPIF/DNAJA4/ERO1A/FKBP4/HSPH1/HSPB1/HSPA1B/ANPEP/CTSL/DNAJB4/CHORDC1/BOLA3/HSPA1A/GRPEL1/GSN/HSPD1/GBP5/QSOX1/HSPA5/NAA15/THBD/CPD"
"GO:0072359","circulatory system development",143,0.428507715750734,2.15554053023886,1.94911611406411e-05,0.00111808590046211,0.000909641590813509,216,"tags=27%, list=15%, signal=26%","FN1/ANGPTL4/C3/APOE/TGM2/GPNMB/PDLIM7/MMP14/ADM/MMP19/SNAI1/DHRS3/HPSE/ADAM8/ITGA5/ID3/SPHK1/HSPB1/HK2/ENG/ITGAX/ANPEP/ITGAV/INHBA/VASH1/TGFBR1/CCL2/TNFSF12/CLIC4/PIM1/RHOB/HMOX1/NRP1/SERPINF1/NRP2/NAA15/PRKCA/VEGFB/VEGFA"
"GO:0010647","positive regulation of cell communication",200,0.400323569113977,2.10397586530555,1.96662807116977e-05,0.00111808590046211,0.000909641590813509,222,"tags=26%, list=15%, signal=26%","FN1/SPP1/NUPR1/TREM2/MMP12/C3/PLAU/APOE/TGM2/GPNMB/IL7R/RETN/SLC1A3/HPSE/ADAM8/CD81/ITGA5/SPHK1/HSPA1B/MERTK/ENG/RALA/FABP5/ATP2C1/SLC20A1/ITGAV/AXL/INHBA/MMP9/TGFBR1/CCL2/TNFSF12/CD38/HAVCR2/PIM1/HSPA1A/NEK6/MIF/PEA15/HMOX1/NRP1/PSMA6/GBP5/SKIL/APP/NFAT5/FPR2/G0S2/TSC22D1/PRKCA/VEGFB/VEGFA/ACSL4"
"GO:0006950","response to stress",485,0.308074740998716,1.72171599934751,1.91046591614308e-05,0.00111808590046211,0.000909641590813509,189,"tags=18%, list=13%, signal=24%","FN1/ANGPTL4/SPP1/NUPR1/CLEC5A/TREM2/MMP12/C3/PLAU/APOE/PROCR/BAG3/SERPINH1/FABP1/MMP14/HSPA6/CD109/ADM/SLC11A2/IL7R/SNAI1/NDRG1/SLC1A3/HPSE/ADAM8/CD81/PPIF/OLR1/DNAJA4/SLAMF8/ITGA5/BNIP3/ACP5/ETV5/ALOX5AP/FBP1/ERO1A/ALAS1/SPHK1/HSPH1/HSPB1/IL1RAP/HSPA1B/SLC11A1/MERTK/HK2/SLC7A5/SDC4/ENG/ITGAX/PPP1R14B/TREM1/UPP1/PLK3/A2M/ITGAV/AXL/INHBA/VASH1/CEBPB/MMP9/DNAJB4/CD9/TGFBR1/CHORDC1/PTGS1/CCL2/CD38/CCL20/PLIN2/LGALS3BP/HAVCR2/MT1F/PIM1/RHOB/IER5/HSPA1A/NEK6/INO80C/MIF/HMOX1/GSN/HSPD1/NRP1/PSMA6/UBA6/GBP5/HSPA5"
"GO:0055088","lipid homeostasis",18,0.746748718269745,2.37212216712464,2.78610849436671e-05,0.00153872791988882,0.00125186348588989,56,"tags=28%, list=4%, signal=27%","ANGPTL4/TREM2/APOE/APOC1/ABCG1"
"GO:0008361","regulation of cell size",16,0.775129327632816,2.39544204688494,3.63297200905001e-05,0.00195070413708158,0.00158703514079553,33,"tags=25%, list=2%, signal=25%","FN1/SPP1/APOE/IL7R"
"GO:0042592","homeostatic process",196,0.385643621856374,2.01503524776034,3.93032863674777e-05,0.00205333114995499,0.00167052944048398,216,"tags=24%, list=15%, signal=24%","ANGPTL4/SPP1/TREM2/TFF3/APOE/TGM2/APOC1/BAG3/SCD/SLC11A2/IL7R/ASPH/SLC1A3/ADAM8/SLAMF8/BNIP3/ACP5/ABCG1/ERO1A/ALAS1/HSPA1B/SLC11A1/MERTK/HK2/FABP5/ATP2C1/AXL/INHBA/CEBPB/DNASE2/CCL2/CD38/BOLA3/ATP6V0A1/CLIC4/MT1F/HSPA1A/MIF/SOAT1/HMOX1/SERPINF1/ACOT13/SKIL/APP/ANKH/G0S2/PRKCA/VEGFA"
"GO:0001944","vasculature development",116,0.452576250796776,2.20126533505442,4.11505831045561e-05,0.00209326518792387,0.00170301859164008,216,"tags=28%, list=15%, signal=26%","FN1/ANGPTL4/C3/APOE/TGM2/GPNMB/MMP14/ADM/MMP19/HPSE/ADAM8/ITGA5/SPHK1/HSPB1/HK2/ENG/ITGAX/ANPEP/ITGAV/VASH1/TGFBR1/CCL2/TNFSF12/CLIC4/RHOB/HMOX1/NRP1/SERPINF1/NRP2/NAA15/PRKCA/VEGFB/VEGFA"
"GO:0051055","negative regulation of lipid biosynthetic process",12,0.813804426910629,2.33109515325915,4.36765713042427e-05,0.00216479005977182,0.00176120911008201,63,"tags=42%, list=4%, signal=40%","ANGPTL4/APOE/APOC1/SNAI1/SPHK1"
"GO:0043067","regulation of programmed cell death",211,0.384322301710887,2.02896836509296,4.5173137594142e-05,0.00218299187423691,0.00177601756751706,223,"tags=27%, list=15%, signal=26%","ANGPTL4/NUPR1/CLEC5A/TREM2/APOE/TGM2/BAG3/IL7R/SNAI1/ACTN1/ADAM8/PPIF/ITGA5/BNIP3/ID3/SPHK1/KRT18/HSPB1/HSPA1B/MERTK/SLC7A5/PLK3/ITGAV/AXL/PHLDA2/INHBA/CEBPB/MMP9/ANKLE2/TGFBR1/CCL2/CCNL2/TNFSF12/CD38/PIM1/RHOB/HSPA1A/MIF/PEA15/HMOX1/GSN/HSPD1/NRP1/HSPA5/ATF5/SKIL/APP/FPR2/G0S2/NAA15/TSC22D1/PRKCA/VEGFB/VEGFA/OPN3/PHLDA1"
"GO:0050878","regulation of body fluid levels",49,0.580734463932277,2.43419745142357,5.67839038833993e-05,0.00260762604554479,0.00212148735918747,79,"tags=20%, list=5%, signal=20%","FN1/ANGPTL4/PLAU/APOE/PROCR/ADM/HPSE/HSPB1/MERTK/HK2"
"GO:0009628","response to abiotic stimulus",146,0.417713739539906,2.10815698164688,5.93562058996227e-05,0.00260762604554479,0.00212148735918747,220,"tags=29%, list=15%, signal=28%","ANGPTL4/TREM2/PLAU/BAG3/FABP1/MMP14/HSPA6/SLC11A2/RETN/NDRG1/SLC1A3/ADAM8/DNAJA4/BNIP3/FBP1/ERO1A/ALAS1/HSPB1/HSPA1B/HK2/SLC7A5/ENG/PLK3/INHBA/MMP9/DNAJB4/CHORDC1/CD38/RHOB/IER5/HSPA1A/HMOX1/GSN/HSPD1/BHLHE40/SERPINF1/APP/NFAT5/PRKCA/VEGFB/VEGFA/THBD/OPN3"
"GO:0009888","tissue development",193,0.377942498628823,1.96572064347311,5.80669623027499e-05,0.00260762604554479,0.00212148735918747,159,"tags=20%, list=11%, signal=20%","FN1/SPP1/NUPR1/MMP12/C3/TGM2/SERPINH1/MMP14/CD109/ADM/SNAI1/HPSE/ADAM8/PPIF/ITGA5/ID3/ETV5/ERO1A/UGCG/SDC4/ENG/ITGAX/EMP1/RALA/FABP5/ATP2C1/SLC20A1/ITGAV/INHBA/SLC26A2/CEBPB/MMP9/TGFBR1/SAP30/ST14/CLIC4/PIM1/RHOB"
"GO:0065008","regulation of biological quality",288,0.340939741355465,1.84003588650241,5.66517123537316e-05,0.00260762604554479,0.00212148735918747,283,"tags=27%, list=19%, signal=28%","FN1/ANGPTL4/SPP1/TREM2/PLAU/APOE/PROCR/BAG3/ADM/IL7R/RETN/DHRS3/ASPH/HPSE/CD81/PPIF/SLC16A10/SLAMF8/BNIP3/ABCG1/ETV5/FMNL2/HSPB1/IL1RAP/HSPA1B/SLC11A1/MERTK/HK2/SLC7A5/DOCK4/ENG/RALA/ANPEP/ITGAV/AXL/CAPG/INHBA/CTSL/CATSPER1/CD9/PTGS1/CCL2/SCOC/CD38/YWHAH/ATP6V0A1/CLIC4/PIM1/RHOB/HSPA1A/ERAP2/GSN/HSPD1/NRP1/GPR35/NRP2/APP/FPR2/NAA15/PRKCA/VEGFA/THBD/SRGAP1/ACSL4/FPR3/PGRMC1/SEMA4D/RDH11/DOCK10/MDM2/ATP1A1/IL6R/ZC3H12A/ATP6V1B2/ATP2A2/ATP6V1H/TLR2/NME1/FGR"
"GO:0007599","hemostasis",36,0.627444890976356,2.40376490420748,6.25592017093033e-05,0.00262451584129552,0.00213522839703515,129,"tags=28%, list=9%, signal=26%","FN1/ANGPTL4/PLAU/APOE/PROCR/HPSE/HSPB1/MERTK/AXL/CD9"
"GO:0042127","regulation of cell population proliferation",198,0.378545231351568,1.98423763841759,6.38138875017534e-05,0.00262451584129552,0.00213522839703515,216,"tags=27%, list=15%, signal=26%","FN1/NUPR1/TREM2/MMP12/PLAU/APOE/GPNMB/CD109/ADM/IL7R/NDRG1/ASPH/HPSE/CD81/ETV5/SPHK1/HSPA1B/SLC7A5/SDC4/ENG/ITGAX/PMP22/ITGAV/IL4I1/INHBA/VASH1/CEBPB/MMP9/CD9/TGFBR1/PTGS1/CLEC11A/CCL2/TNFSF12/CD38/HAVCR2/PIM1/IER5/HSPA1A/PNP/MIF/HMOX1/NRP1/SERPINF1/ATF5/HMGA1/NRP2/APP/ETV3/TSC22D1/PRKCA/VEGFB/VEGFA"
"GO:0051128","regulation of cellular component organization",268,0.353181816464007,1.89154536508724,6.11502986578985e-05,0.00262451584129552,0.00213522839703515,239,"tags=24%, list=16%, signal=24%","FN1/ANGPTL4/SPP1/NUPR1/TREM2/C3/APOE/TGM2/APOC1/MMP14/SNAI1/ASPH/PPIF/DNAJA4/BNIP3/ETV5/FBP1/SPHK1/FKBP4/IL1RAP/HSPA1B/SLC11A1/MERTK/SDC4/VPS8/DOCK4/RALA/PMP22/ITGAV/AXL/CAPG/INHBA/MMP9/TGFBR1/CHORDC1/CCL2/CCNL2/CD38/YWHAH/CLIC4/RHOB/HSPA1A/NEK6/INO80C/GSN/NRP1/GBP5/HSPA5/SERPINF1/ATF5/SKIL/CORO1C/NRP2/APP/FPR2/PRKCA/VEGFA/SRGAP1/ACSL4/DENND5A/SESN2/PGRMC1/SEMA4D"
"GO:0044283","small molecule biosynthetic process",61,0.549598235571946,2.42291811059725,7.7551052124393e-05,0.003003829504321,0.00244382676475377,169,"tags=33%, list=12%, signal=30%","ANGPTL4/APOE/APOC1/SCD/BCAT1/ADM/SNAI1/SLC1A3/ABCG1/ALOX5AP/FBP1/SPHK1/PDXK/FABP5/SDS/INHBA/PTGS1/PNP/MIF/UGP2"
"GO:0045833","negative regulation of lipid metabolic process",14,0.786845835348549,2.32963465463801,7.80307686172141e-05,0.003003829504321,0.00244382676475377,63,"tags=36%, list=4%, signal=35%","ANGPTL4/APOE/APOC1/SNAI1/SPHK1"
"GO:0051241","negative regulation of multicellular organismal process",163,0.398828922965463,2.03643197703329,7.92309168746642e-05,0.003003829504321,0.00244382676475377,217,"tags=25%, list=15%, signal=24%","FN1/ANGPTL4/SPP1/TREM2/PLAU/APOE/APOC1/PROCR/GPNMB/ADM/RETN/SLAMF8/ACP5/SLC11A1/MERTK/SDC4/DOCK4/ITGAV/IL4I1/AXL/PAG1/INHBA/VASH1/CEBPB/CD9/TGFBR1/SAP30/CD38/YWHAH/HAVCR2/HMOX1/NRP1/SERPINF1/ACOT13/CORO1C/APP/TSC22D1/PRKCA/VEGFA/THBD"
"GO:0009967","positive regulation of signal transduction",190,0.379893704021548,1.9671589851501,7.92526149613922e-05,0.003003829504321,0.00244382676475377,216,"tags=25%, list=15%, signal=25%","FN1/NUPR1/TREM2/MMP12/C3/PLAU/APOE/TGM2/GPNMB/IL7R/HPSE/ADAM8/CD81/ITGA5/SPHK1/HSPA1B/MERTK/ENG/RALA/FABP5/ATP2C1/SLC20A1/ITGAV/AXL/INHBA/MMP9/TGFBR1/CCL2/TNFSF12/HAVCR2/PIM1/HSPA1A/NEK6/MIF/PEA15/HMOX1/NRP1/PSMA6/GBP5/SKIL/APP/NFAT5/FPR2/G0S2/TSC22D1/PRKCA/VEGFB/VEGFA"
"GO:0036293","response to decreased oxygen levels",52,0.562125431886887,2.37923791800835,8.28976291624196e-05,0.00308155994559533,0.00250706595078249,112,"tags=27%, list=8%, signal=26%","ANGPTL4/TREM2/PLAU/FABP1/MMP14/SLC11A2/NDRG1/ADAM8/BNIP3/ERO1A/ALAS1/HK2/ENG/INHBA"
"GO:0070482","response to oxygen levels",55,0.560843163371229,2.416716891457,8.77118669975981e-05,0.00308267343466104,0.00250797185252462,112,"tags=27%, list=8%, signal=26%","ANGPTL4/TREM2/PLAU/FABP1/MMP14/SLC11A2/NDRG1/ADAM8/BNIP3/ERO1A/ALAS1/HK2/SLC7A5/ENG/INHBA"
"GO:0007596","blood coagulation",34,0.640144149932223,2.41150916026148,8.67992379380778e-05,0.00308267343466104,0.00250797185252462,129,"tags=29%, list=9%, signal=27%","FN1/ANGPTL4/PLAU/APOE/PROCR/HPSE/HSPB1/MERTK/AXL/CD9"
"GO:0050817","coagulation",34,0.640144149932223,2.41150916026148,8.67992379380778e-05,0.00308267343466104,0.00250797185252462,129,"tags=29%, list=9%, signal=27%","FN1/ANGPTL4/PLAU/APOE/PROCR/HPSE/HSPB1/MERTK/AXL/CD9"
"GO:0008283","cell population proliferation",226,0.36306686309773,1.92633664222663,0.000111235472368524,0.00383961014443494,0.00312379315260478,216,"tags=26%, list=15%, signal=26%","FN1/NUPR1/TREM2/MMP12/PLAU/APOE/GPNMB/MMP14/CD109/ADM/IL7R/NDRG1/ASPH/HPSE/CD81/ETV5/SPHK1/HSPA1B/SLC11A1/SLC7A5/SDC4/ENG/ITGAX/PMP22/SLC20A1/ITGAV/IL4I1/INHBA/VASH1/SLC26A2/CEBPB/MMP9/CD9/TGFBR1/PTGS1/CLEC11A/CCL2/TNFSF12/CD38/HAVCR2/PIM1/IER5/HSPA1A/PNP/MIF/HMOX1/HSPD1/NRP1/SERPINF1/ATF5/HMGA1/NRP2/APP/ETV3/TSC22D1/PRKCA/VEGFB/VEGFA"
"GO:0001704","formation of primary germ layer",18,0.722080595311288,2.29376140150231,0.000121848973440113,0.00413217659052174,0.00336181655253055,122,"tags=39%, list=8%, signal=36%","FN1/MMP14/SNAI1/ITGA5/ITGAV/INHBA/MMP9"
"GO:0001666","response to hypoxia",51,0.565864659616134,2.381491206221,0.000135893284662362,0.00452899515952322,0.0036846563935675,112,"tags=27%, list=8%, signal=26%","ANGPTL4/TREM2/PLAU/FABP1/MMP14/SLC11A2/NDRG1/ADAM8/BNIP3/ERO1A/ALAS1/HK2/ENG/INHBA"
"GO:0002526","acute inflammatory response",17,0.73063048627038,2.28644410416864,0.00014950652303209,0.00489823913594967,0.00398506236235402,42,"tags=24%, list=3%, signal=23%","FN1/NUPR1/C3/ADAM8"
"GO:0010975","regulation of neuron projection development",35,0.611538978610621,2.3228927519198,0.000153316763674909,0.00493935506972666,0.00401851306895288,292,"tags=46%, list=20%, signal=37%","FN1/SPP1/APOE/FKBP4/PMP22/CD38/YWHAH/NRP1/SERPINF1/SKIL/VEGFA/DENND5A/SEMA4D/MDM2/SDC2/STK24"
"GO:0097006","regulation of plasma lipoprotein particle levels",21,0.713587235812364,2.33972652776101,0.000167728781247812,0.00522935055083905,0.00425444480788169,178,"tags=43%, list=12%, signal=38%","ANGPTL4/TREM2/APOE/APOC1/ABCG1/ACSL3/ITGAV/SOAT1/HMOX1"
"GO:0006915","apoptotic process",269,0.338532525237883,1.81042394820254,0.000166560856442067,0.00522935055083905,0.00425444480788169,223,"tags=24%, list=15%, signal=25%","ANGPTL4/NUPR1/CLEC5A/TREM2/APOE/TGM2/BAG3/IL7R/SNAI1/ACTN1/ADAM8/PPIF/ITGA5/BNIP3/ID3/ERO1A/SPHK1/KRT18/HSPB1/HSPA1B/MTFP1/MERTK/HK2/SLC7A5/EMP1/PMP22/PLK3/ITGAV/AXL/PHLDA2/INHBA/CTSL/CEBPB/MMP9/ANKLE2/TGFBR1/DNASE2/CCL2/CCNL2/TNFSF12/CD38/PIM1/RHOB/HSPA1A/NEK6/MIF/PEA15/HMOX1/GSN/HSPD1/NRP1/HSPA5/ATF5/SKIL/APP/FPR2/G0S2/NAA15/TSC22D1/PRKCA/VEGFB/VEGFA/OPN3/PHLDA1"
"GO:0010876","lipid localization",55,0.544490361140078,2.34625139244455,0.000191103951864523,0.00586355458657338,0.00477041443752043,172,"tags=33%, list=12%, signal=30%","SPP1/TREM2/C3/APOE/APOC1/FABP1/RETN/ABCG1/SLCO2B1/FABP5/APOBR/ACSL3/ITGAV/INHBA/SLC43A3/PLIN2/MIF/SOAT1"
"GO:0048145","regulation of fibroblast proliferation",10,0.815368896817247,2.23828947240628,0.00023697306112929,0.00715732698692058,0.00582298936393354,63,"tags=30%, list=4%, signal=29%","FN1/NUPR1/SPHK1"
"GO:0001706","endoderm formation",12,0.783881395421296,2.24538238079316,0.000247273018797677,0.00724210220205923,0.00589195996943747,122,"tags=50%, list=8%, signal=46%","FN1/MMP14/ITGA5/ITGAV/INHBA/MMP9"
"GO:0007492","endoderm development",12,0.783881395421296,2.24538238079316,0.000247273018797677,0.00724210220205923,0.00589195996943747,122,"tags=50%, list=8%, signal=46%","FN1/MMP14/ITGA5/ITGAV/INHBA/MMP9"
"GO:0051960","regulation of nervous system development",45,0.576784110659127,2.37515529958352,0.000273492376526977,0.00778277452644003,0.00633183496746339,216,"tags=36%, list=15%, signal=31%","FN1/SPP1/TREM2/TGM2/ETV5/IL1RAP/SLC7A5/ITGAX/YWHAH/SRRT/NRP1/BHLHE40/SERPINF1/SKIL/PRKCA/VEGFA"
"GO:0048468","cell development",287,0.326189694942691,1.76073809669315,0.000273786170614548,0.00778277452644003,0.00633183496746339,302,"tags=29%, list=21%, signal=29%","FN1/SPP1/CLEC5A/TREM2/C3/APOE/TGM2/SERPINH1/MMP14/CD109/ADM/SLC11A2/IL7R/NDRG1/ACTN1/SLC1A3/HPSE/ADAM8/CD81/SLAMF8/ETV5/ALAS1/FKBP4/ALCAM/HSPA1B/UGCG/MERTK/SLC7A5/SDC4/ENG/PMP22/IL4I1/AXL/INHBA/CTSL/CEBPB/MMP9/CD9/DNASE2/ST14/CD38/YWHAH/CLIC4/PIM1/HSPA1A/PNP/SRRT/NRP1/BHLHE40/SERPINF1/ATF5/SKIL/CORO1C/NRP2/APP/FPR2/TSC22D1/PRKCA/VEGFA/DENND5A/PGRMC1/SEMA4D/DOCK10/LTBR/MDM2/IL6R/ZC3H12A/ATP2A2/SPINT1/RAB13/CLPTM1/TLR2/C1QC/IL2RG/SDC2/JMJD6/STK24/PLEC/FNIP1/SLC1A5/TMEM176A/ZMIZ1/AFF4"
"GO:0022008","neurogenesis",159,0.395480045586823,2.00616783898125,0.000309732168519022,0.00867698959054013,0.00705934187288205,293,"tags=32%, list=20%, signal=29%","FN1/SPP1/TREM2/C3/APOE/TGM2/MMP14/SLC11A2/NDRG1/SLC1A3/BNIP3/ID3/ETV5/FKBP4/ALCAM/UGCG/SLC7A5/SDC4/PMP22/ACSL3/AXL/INHBA/CEBPB/CD9/TGFBR1/CCL2/CD38/YWHAH/SRRT/NRP1/BHLHE40/SERPINF1/ATF5/SKIL/NRP2/APP/FPR2/PRKCA/VEGFA/ACSL4/DENND5A/PGRMC1/SEMA4D/DOCK10/MDM2/SPINT1/RAB13/TLR2/SDC2/STK24/PLEC"
"GO:0030307","positive regulation of cell growth",14,0.755246563882989,2.23607788079441,0.000326675465466418,0.00892419280112271,0.00726045908725316,239,"tags=64%, list=16%, signal=54%","FN1/MMP14/SPHK1/TGFBR1/CD38/NRP1/VEGFA/ACSL4/SEMA4D"
"GO:0006629","lipid metabolic process",118,0.427894412778733,2.07805659809504,0.000327789802834823,0.00892419280112271,0.00726045908725316,172,"tags=22%, list=12%, signal=21%","ANGPTL4/SPP1/TREM2/C3/APOE/APOC1/B3GNT5/SCD/BCAT1/ADM/SNAI1/DHRS3/ABCG1/SPHK1/UGCG/FABP5/APOBR/SDS/ACSL3/INHBA/ST3GAL6/PTGS1/YWHAH/MIF/SLC44A1/SOAT1"
"GO:0032370","positive regulation of lipid transport",16,0.725755757104207,2.24285908732868,0.000336296795643528,0.00902863480526304,0.00734543001010863,56,"tags=31%, list=4%, signal=30%","SPP1/TREM2/APOE/RETN/ABCG1"
"GO:0046660","female sex differentiation",18,0.699542492246318,2.22216685761179,0.000353329189546345,0.00935596333415185,0.00761173481156798,120,"tags=50%, list=8%, signal=46%","NUPR1/LHFPL2/MMP14/MMP19/RETN/MERTK/AXL/INHBA/CEBPB"
"GO:0030334","regulation of cell migration",143,0.390235406851903,1.9630177121311,0.000364609408779839,0.00952418901583011,0.00774859824633114,218,"tags=30%, list=15%, signal=28%","FN1/TREM2/PLAU/APOE/GPNMB/MMP14/SNAI1/ADAM8/CD81/DNAJA4/SLAMF8/ITGA5/SPHK1/HSPB1/SDC4/DOCK4/ENG/ITGAX/ITGAV/PHLDA2/VASH1/MMP9/CD9/TGFBR1/SAP30/CCL2/CCL20/CLIC4/RHOB/MIF/PTP4A1/HMOX1/NRP1/HSPA5/SERPINF1/CORO1C/NRP2/APP/FPR2/PRKCA/VEGFB/VEGFA/SRGAP1"
"GO:0031344","regulation of cell projection organization",57,0.525720768822568,2.2808835593944,0.000399353104754296,0.0101572309406586,0.00826362241693793,255,"tags=33%, list=18%, signal=29%","FN1/SPP1/TREM2/APOE/FKBP4/RALA/PMP22/TGFBR1/CD38/YWHAH/NRP1/SERPINF1/SKIL/CORO1C/APP/VEGFA/DENND5A/SEMA4D/MDM2"
"GO:0120035","regulation of plasma membrane bounded cell projection organization",57,0.525720768822568,2.2808835593944,0.000399353104754296,0.0101572309406586,0.00826362241693793,255,"tags=33%, list=18%, signal=29%","FN1/SPP1/TREM2/APOE/FKBP4/RALA/PMP22/TGFBR1/CD38/YWHAH/NRP1/SERPINF1/SKIL/CORO1C/APP/VEGFA/DENND5A/SEMA4D/MDM2"
"GO:0016477","cell migration",195,0.354542807200059,1.84990360395592,0.000407275546300633,0.0102242029999886,0.00831810890188853,218,"tags=26%, list=15%, signal=25%","FN1/TREM2/MMP12/C3/PLAU/APOE/GPNMB/MMP14/SNAI1/ADAM8/CD81/DNAJA4/SLAMF8/ITGA5/FMNL2/SPHK1/HSPB1/MERTK/SDC4/DOCK4/ENG/ITGAX/TREM1/ITGAV/AXL/PHLDA2/VASH1/MMP9/CD9/TGFBR1/SAP30/CCL2/TNFSF12/CCL20/CLIC4/RHOB/MIF/PTP4A1/HMOX1/NRP1/HSPA5/SERPINF1/CORO1C/NRP2/APP/FPR2/PRKCA/VEGFB/VEGFA/SRGAP1"
"GO:1905954","positive regulation of lipid localization",21,0.689819045781309,2.26179483007697,0.000418385960630505,0.0102372159734021,0.00832869587184509,56,"tags=29%, list=4%, signal=28%","SPP1/TREM2/C3/APOE/RETN/ABCG1"
"GO:0040012","regulation of locomotion",149,0.385204646709252,1.94262971523416,0.00041770918522715,0.0102372159734021,0.00832869587184509,218,"tags=30%, list=15%, signal=28%","FN1/TREM2/PLAU/APOE/GPNMB/MMP14/SNAI1/ADAM8/CD81/DNAJA4/SLAMF8/ITGA5/SPHK1/HSPB1/SDC4/DOCK4/ENG/ITGAX/ITGAV/PHLDA2/VASH1/MMP9/CATSPER1/CD9/TGFBR1/SAP30/CCL2/CCL20/CLIC4/RHOB/MIF/PTP4A1/HMOX1/NRP1/HSPA5/SERPINF1/CORO1C/NRP2/APP/FPR2/PRKCA/VEGFB/VEGFA/SRGAP1"
"GO:0051129","negative regulation of cellular component organization",90,0.454814769136041,2.13285594817105,0.000429217756811299,0.010370974048953,0.00843751748258002,226,"tags=26%, list=16%, signal=23%","ANGPTL4/SPP1/NUPR1/TREM2/APOE/APOC1/MMP14/PPIF/DNAJA4/BNIP3/FKBP4/HSPA1B/PMP22/CAPG/CD38/YWHAH/HSPA1A/GSN/NRP1/HSPA5/CORO1C/VEGFA/DENND5A"
"GO:0006869","lipid transport",52,0.533948476648071,2.25997684829801,0.000449512151573316,0.0107272467776694,0.00872737042820707,172,"tags=33%, list=12%, signal=30%","SPP1/TREM2/APOE/APOC1/FABP1/RETN/ABCG1/SLCO2B1/FABP5/APOBR/ACSL3/ITGAV/INHBA/SLC43A3/PLIN2/MIF/SOAT1"
"GO:0071827","plasma lipoprotein particle organization",11,0.786436195153009,2.18353009746521,0.000471745918205895,0.0108557721415714,0.00883193485964419,104,"tags=45%, list=7%, signal=43%","ANGPTL4/APOE/APOC1/ABCG1/ACSL3"
"GO:0008219","cell death",279,0.327188360819113,1.76109541179422,0.000469984897179337,0.0108557721415714,0.00883193485964419,223,"tags=23%, list=15%, signal=24%","ANGPTL4/NUPR1/CLEC5A/TREM2/APOE/TGM2/BAG3/IL7R/SNAI1/ACTN1/ADAM8/PPIF/ITGA5/BNIP3/ID3/ERO1A/SPHK1/KRT18/HSPB1/HSPA1B/MTFP1/MERTK/HK2/SLC7A5/EMP1/PMP22/PLK3/ITGAV/AXL/PHLDA2/INHBA/CTSL/CEBPB/MMP9/ANKLE2/TGFBR1/DNASE2/CCL2/CCNL2/TNFSF12/CD38/PIM1/RHOB/HSPA1A/NEK6/MIF/PEA15/HMOX1/GSN/HSPD1/NRP1/HSPA5/ATF5/SKIL/APP/FPR2/G0S2/NAA15/TSC22D1/PRKCA/VEGFB/VEGFA/OPN3/PHLDA1"
"GO:0012501","programmed cell death",279,0.327188360819113,1.76109541179422,0.000469984897179337,0.0108557721415714,0.00883193485964419,223,"tags=23%, list=15%, signal=24%","ANGPTL4/NUPR1/CLEC5A/TREM2/APOE/TGM2/BAG3/IL7R/SNAI1/ACTN1/ADAM8/PPIF/ITGA5/BNIP3/ID3/ERO1A/SPHK1/KRT18/HSPB1/HSPA1B/MTFP1/MERTK/HK2/SLC7A5/EMP1/PMP22/PLK3/ITGAV/AXL/PHLDA2/INHBA/CTSL/CEBPB/MMP9/ANKLE2/TGFBR1/DNASE2/CCL2/CCNL2/TNFSF12/CD38/PIM1/RHOB/HSPA1A/NEK6/MIF/PEA15/HMOX1/GSN/HSPD1/NRP1/HSPA5/ATF5/SKIL/APP/FPR2/G0S2/NAA15/TSC22D1/PRKCA/VEGFB/VEGFA/OPN3/PHLDA1"
"GO:0048513","animal organ development",279,0.326972767797009,1.75993497967771,0.000479527656585487,0.0109050230609382,0.00887200394970548,220,"tags=22%, list=15%, signal=23%","FN1/SPP1/NUPR1/MMP12/TGM2/SERPINH1/PDLIM7/MMP14/CD109/ADM/MMP19/IL7R/SNAI1/RETN/DHRS3/HPSE/ADAM8/PPIF/BNIP3/ACP5/ID3/ETV5/ERO1A/SPHK1/FKBP4/UGCG/MERTK/HK2/SLC7A5/SDC4/ENG/ITGAX/SLC20A1/AXL/PHLDA2/INHBA/VASH1/SLC26A2/CEBPB/MMP9/TGFBR1/SAP30/CCL2/ST14/RCN1/YWHAH/CLIC4/PIM1/UGP2/LDHA/NRP1/HSPA5/SERPINF1/ATF5/SKIL/CORO1C/NRP2/ANKH/FPR2/VEGFB/VEGFA/OPN3"
"GO:0050770","regulation of axonogenesis",11,0.784483885408599,2.17810953428059,0.000518529620355597,0.0116548576296206,0.00948204715803258,3,"tags=18%, list=0%, signal=18%","FN1/SPP1"
"GO:0071825","protein-lipid complex organization",12,0.767612149000862,2.19878007657392,0.000543218747540233,0.012069446425233,0.00981934432940239,104,"tags=42%, list=7%, signal=39%","ANGPTL4/APOE/APOC1/ABCG1/ACSL3"
"GO:2000145","regulation of cell motility",148,0.387571322559024,1.95432498616959,0.000592986192374891,0.0130254807938712,0.0105971455910058,218,"tags=30%, list=15%, signal=28%","FN1/TREM2/PLAU/APOE/GPNMB/MMP14/SNAI1/ADAM8/CD81/DNAJA4/SLAMF8/ITGA5/SPHK1/HSPB1/SDC4/DOCK4/ENG/ITGAX/ITGAV/PHLDA2/VASH1/MMP9/CATSPER1/CD9/TGFBR1/SAP30/CCL2/CCL20/CLIC4/RHOB/MIF/PTP4A1/HMOX1/NRP1/HSPA5/SERPINF1/CORO1C/NRP2/APP/FPR2/PRKCA/VEGFB/VEGFA/SRGAP1"
"GO:0048144","fibroblast proliferation",11,0.782179850085225,2.17171240949766,0.000604299935773274,0.013124851414042,0.0106779905859878,63,"tags=27%, list=4%, signal=26%","FN1/NUPR1/SPHK1"
"GO:0050767","regulation of neurogenesis",40,0.575702795694156,2.2881820178147,0.000631444131812294,0.0135620167421463,0.011033655355878,216,"tags=32%, list=15%, signal=28%","FN1/SPP1/TREM2/TGM2/ETV5/SLC7A5/YWHAH/SRRT/NRP1/BHLHE40/SERPINF1/SKIL/VEGFA"
"GO:0060560","developmental growth involved in morphogenesis",19,0.684065836559371,2.21381621843658,0.000660705724668805,0.0140345512723604,0.0114180954615985,239,"tags=47%, list=16%, signal=40%","FN1/SPP1/APOE/ALCAM/NRP1/NRP2/APP/VEGFA/SEMA4D"
"GO:0016053","organic acid biosynthetic process",29,0.629267764750153,2.28362366187244,0.000696699756376483,0.014480866979309,0.0117812047088451,225,"tags=45%, list=15%, signal=39%","ANGPTL4/APOC1/SCD/BCAT1/SLC1A3/ALOX5AP/FABP5/SDS/PTGS1/MIF/UGP2/ACSL4/DEGS1"
"GO:0046394","carboxylic acid biosynthetic process",29,0.629267764750153,2.28362366187244,0.000696699756376483,0.014480866979309,0.0117812047088451,225,"tags=45%, list=15%, signal=39%","ANGPTL4/APOC1/SCD/BCAT1/SLC1A3/ALOX5AP/FABP5/SDS/PTGS1/MIF/UGP2/ACSL4/DEGS1"
"GO:0048588","developmental cell growth",19,0.68264698272611,2.20922443580428,0.000720429926845635,0.0148147983892831,0.0120528814188956,239,"tags=47%, list=16%, signal=40%","FN1/SPP1/APOE/ALCAM/NRP1/NRP2/APP/VEGFA/SEMA4D"
"GO:0016049","cell growth",49,0.532509365062826,2.23205788497215,0.000767073663748566,0.0154927253067318,0.0126044226908037,239,"tags=39%, list=16%, signal=34%","FN1/SPP1/APOE/MMP14/FBP1/SPHK1/ALCAM/HSPA1B/INHBA/TGFBR1/CD38/HSPA1A/NRP1/NRP2/APP/VEGFA/ACSL4/SESN2/SEMA4D"
"GO:0008610","lipid biosynthetic process",74,0.472076495395949,2.13859249528701,0.00077744146650439,0.0154927253067318,0.0126044226908037,133,"tags=22%, list=9%, signal=21%","ANGPTL4/C3/APOE/APOC1/B3GNT5/SCD/ADM/SNAI1/ABCG1/SPHK1/UGCG/FABP5/ACSL3/INHBA/ST3GAL6/PTGS1"
"GO:0048878","chemical homeostasis",104,0.415970220135279,2.00115137939583,0.000772338397309621,0.0154927253067318,0.0126044226908037,272,"tags=31%, list=19%, signal=27%","ANGPTL4/TREM2/APOE/TGM2/APOC1/SLC11A2/ASPH/SLC1A3/SLAMF8/BNIP3/ABCG1/ERO1A/SLC11A1/HK2/FABP5/ATP2C1/BOLA3/ATP6V0A1/CLIC4/MT1F/SOAT1/HMOX1/SERPINF1/APP/ANKH/VEGFA/SESN2/ATP13A3/ATP1A1/ATP6V1B2/ATP2A2/ATP6V1H"
"GO:1904018","positive regulation of vasculature development",40,0.572323662733144,2.27475135300809,0.000827145519060498,0.0161502251347873,0.0131393450874682,216,"tags=45%, list=15%, signal=39%","ANGPTL4/C3/TGM2/ADM/ITGA5/SPHK1/HSPB1/HK2/ENG/ITGAX/TGFBR1/TNFSF12/RHOB/HMOX1/NRP1/PRKCA/VEGFB/VEGFA"
"GO:0045766","positive regulation of angiogenesis",38,0.571807397614553,2.23500146541186,0.00081880716908736,0.0161502251347873,0.0131393450874682,216,"tags=45%, list=15%, signal=39%","ANGPTL4/C3/TGM2/ADM/ITGA5/SPHK1/HSPB1/HK2/ENG/ITGAX/TNFSF12/RHOB/HMOX1/NRP1/PRKCA/VEGFB/VEGFA"
"GO:1905952","regulation of lipid localization",29,0.622975224181997,2.26078792271705,0.000856893859496409,0.0163997606970946,0.0133423598341598,167,"tags=34%, list=11%, signal=31%","SPP1/TREM2/C3/APOE/APOC1/RETN/ABCG1/ITGAV/PLIN2/MIF"
"GO:0051050","positive regulation of transport",102,0.424866539764977,2.0252495038762,0.000851397959247731,0.0163997606970946,0.0133423598341598,283,"tags=35%, list=19%, signal=31%","SPP1/TREM2/C3/FXYD3/APOE/BAG3/RETN/ASPH/ADAM8/CD81/ABCG1/SLC11A1/MERTK/SLC7A5/SDC4/PLK3/ATP2C1/ACSL3/AXL/INHBA/CEBPB/CCL2/CD38/MIF/APP/FPR2/PRKCA/VEGFA/OPN3/ACSL4/PGRMC1/MDM2/ZC3H12A/TLR2/IL2RG/FGR"
"GO:1901342","regulation of vasculature development",57,0.50510549067511,2.19144244961251,0.00088588669537661,0.0167884213937548,0.0136585626717508,216,"tags=37%, list=15%, signal=33%","ANGPTL4/C3/TGM2/GPNMB/ADM/ITGA5/SPHK1/HSPB1/HK2/ENG/ITGAX/VASH1/TGFBR1/TNFSF12/RHOB/HMOX1/NRP1/SERPINF1/PRKCA/VEGFB/VEGFA"
"GO:0044403","biological process involved in symbiotic interaction",38,0.563668021948633,2.20318740246555,0.000960645066294468,0.0179322087530329,0.0145891142086373,187,"tags=37%, list=13%, signal=33%","FN1/CLEC5A/CD81/ITGA5/HSPA1B/TREM1/ANPEP/ITGAV/AXL/CTSL/HSPA1A/HSPD1/NRP1/GBP5"
"GO:0048870","cell motility",202,0.34780783363093,1.83282477697527,0.000964795504560488,0.0179322087530329,0.0145891142086373,218,"tags=25%, list=15%, signal=25%","FN1/TREM2/MMP12/C3/PLAU/APOE/GPNMB/MMP14/SNAI1/ADAM8/CD81/DNAJA4/SLAMF8/ITGA5/FMNL2/SPHK1/HSPB1/MERTK/SDC4/DOCK4/ENG/ITGAX/TREM1/ITGAV/AXL/PHLDA2/VASH1/MMP9/CATSPER1/CD9/TGFBR1/SAP30/CCL2/TNFSF12/CCL20/CLIC4/RHOB/MIF/PTP4A1/HMOX1/NRP1/HSPA5/SERPINF1/CORO1C/NRP2/APP/FPR2/PRKCA/VEGFB/VEGFA/SRGAP1"
"GO:0070372","regulation of ERK1 and ERK2 cascade",41,0.557122710903443,2.22496234353546,0.000984528382281266,0.0181246986947589,0.0147457183270999,229,"tags=37%, list=16%, signal=32%","FN1/TREM2/APOE/GPNMB/INHBA/HAVCR2/MIF/NRP1/APP/FPR2/PRKCA/VEGFB/VEGFA/DUSP4/TNIP1"
"GO:0040017","positive regulation of locomotion",85,0.43876817979311,2.03850560809766,0.0010696010985802,0.019322793678089,0.0157204529392899,216,"tags=33%, list=15%, signal=30%","FN1/TREM2/PLAU/GPNMB/MMP14/SNAI1/ADAM8/ITGA5/SPHK1/HSPB1/DOCK4/ITGAX/ITGAV/MMP9/TGFBR1/CCL2/CCL20/RHOB/PTP4A1/HMOX1/NRP1/HSPA5/NRP2/APP/FPR2/PRKCA/VEGFB/VEGFA"
"GO:2000147","positive regulation of cell motility",85,0.43876817979311,2.03850560809766,0.0010696010985802,0.019322793678089,0.0157204529392899,216,"tags=33%, list=15%, signal=30%","FN1/TREM2/PLAU/GPNMB/MMP14/SNAI1/ADAM8/ITGA5/SPHK1/HSPB1/DOCK4/ITGAX/ITGAV/MMP9/TGFBR1/CCL2/CCL20/RHOB/PTP4A1/HMOX1/NRP1/HSPA5/NRP2/APP/FPR2/PRKCA/VEGFB/VEGFA"
"GO:0051897","positive regulation of phosphatidylinositol 3-kinase/protein kinase B signal transduction",33,0.604781589357489,2.25320538633265,0.00115940574642343,0.0206707931110498,0.0168171453741979,283,"tags=52%, list=19%, signal=42%","FN1/TREM2/HPSE/ADAM8/MERTK/ENG/AXL/TGFBR1/APP/FPR2/PRKCA/VEGFB/VEGFA/SESN2/SEMA4D/PIK3R5/FGR"
"GO:0040011","locomotion",176,0.363063337955437,1.86575569495541,0.00116560602643788,0.0206707931110498,0.0168171453741979,218,"tags=27%, list=15%, signal=26%","FN1/TREM2/C3/PLAU/APOE/GPNMB/MMP14/SNAI1/ADAM8/CD81/DNAJA4/SLAMF8/ITGA5/SPHK1/HSPB1/SDC4/DOCK4/ENG/ITGAX/TREM1/RALA/ITGAV/PHLDA2/VASH1/MMP9/CATSPER1/CD9/TGFBR1/SAP30/CCL2/PLP2/CCL20/CLIC4/RHOB/MIF/PTP4A1/HMOX1/NRP1/HSPA5/SERPINF1/CORO1C/NRP2/APP/FPR2/PRKCA/VEGFB/VEGFA/SRGAP1"
"GO:0070371","ERK1 and ERK2 cascade",45,0.540807525192072,2.22700631965523,0.00131269102708331,0.0229845701445101,0.0186995658757307,229,"tags=36%, list=16%, signal=31%","FN1/TREM2/APOE/GPNMB/ITGAV/INHBA/HAVCR2/MIF/NRP1/APP/FPR2/PRKCA/VEGFB/VEGFA/DUSP4/TNIP1"
"GO:0001558","regulation of cell growth",39,0.563779733816767,2.22054908419427,0.00131985891673079,0.0229845701445101,0.0186995658757307,239,"tags=41%, list=16%, signal=35%","FN1/SPP1/APOE/MMP14/FBP1/SPHK1/HSPA1B/INHBA/TGFBR1/CD38/HSPA1A/NRP1/VEGFA/ACSL4/SESN2/SEMA4D"
"GO:0006457","protein folding",37,0.573568656096347,2.22930775602427,0.00136639089820414,0.0231687158441105,0.0188493813658078,189,"tags=43%, list=13%, signal=39%","BAG3/HSPA6/PPIF/DNAJA4/ERO1A/FKBP4/HSPH1/HSPB1/HSPA1B/DNAJB4/CHORDC1/HSPA1A/GRPEL1/HSPD1/QSOX1/HSPA5"
"GO:0050866","negative regulation of cell activation",47,0.515242491594769,2.14216393309288,0.00134618924501143,0.0231687158441105,0.0188493813658078,129,"tags=26%, list=9%, signal=24%","FN1/TREM2/APOE/GPNMB/MERTK/SDC4/IL4I1/AXL/PAG1/INHBA/CEBPB/CD9"
"GO:0003006","developmental process involved in reproduction",73,0.456624181700489,2.06212110434694,0.00136450902345641,0.0231687158441105,0.0188493813658078,138,"tags=25%, list=9%, signal=23%","SPP1/NUPR1/C3/LHFPL2/MMP14/MMP19/SNAI1/RETN/ETV5/FKBP4/MERTK/AXL/INHBA/CEBPB/PHC2/CATSPER1/TGFBR1/ST14"
"GO:0051049","regulation of transport",187,0.34359260431618,1.77616908923494,0.00139504500807757,0.0234488869618604,0.0190773202935276,283,"tags=29%, list=19%, signal=27%","SPP1/TREM2/C3/FXYD3/APOE/TGM2/APOC1/BAG3/RETN/ASPH/ADAM8/CD81/PPIF/ABCG1/SPHK1/SLC11A1/MERTK/HK2/SLC7A5/SDC4/RALA/FABP5/PLK3/ATP2C1/ACSL3/ITGAV/AXL/INHBA/CEBPB/MMP9/CCL2/CD38/YWHAH/PIM1/HSPA1A/MIF/PEA15/NRP1/GPR35/APP/FPR2/PRKCA/VEGFA/OPN3/ACSL4/VDAC1/PGRMC1/MDM2/ATP1A1/ZC3H12A/ATP2A2/TLR2/IL2RG/FGR"
"GO:0010565","regulation of ketone metabolic process",16,0.682272520439105,2.108479481592,0.00146475619099068,0.0244083941136637,0.0198579469087121,95,"tags=25%, list=7%, signal=24%","ANGPTL4/APOC1/ADM/FABP5"
"GO:0032368","regulation of lipid transport",23,0.649974495034934,2.21226251675403,0.00149445442697549,0.0244733878304701,0.0199108238727488,106,"tags=30%, list=7%, signal=29%","SPP1/TREM2/APOE/APOC1/RETN/ABCG1/ITGAV"
"GO:0015850","organic hydroxy compound transport",30,0.597519289435731,2.18830217411643,0.00151929981358325,0.0244733878304701,0.0199108238727488,84,"tags=27%, list=6%, signal=26%","SPP1/TREM2/APOE/TGM2/APOC1/ABCG1/SLC5A3/SLCO2B1"
"GO:1901800","positive regulation of proteasomal protein catabolic process",16,0.680797640035682,2.10392154473354,0.00149511356335864,0.0244733878304701,0.0199108238727488,162,"tags=38%, list=11%, signal=34%","NUPR1/TREM2/ZFAND2A/HSPA1B/PLK3/HSPA1A"
"GO:1902533","positive regulation of intracellular signal transduction",142,0.374512232806848,1.88200294322373,0.00151294484313024,0.0244733878304701,0.0199108238727488,216,"tags=25%, list=15%, signal=24%","FN1/NUPR1/TREM2/APOE/TGM2/GPNMB/HPSE/ADAM8/CD81/SPHK1/HSPA1B/MERTK/ENG/FABP5/ATP2C1/SLC20A1/ITGAV/AXL/INHBA/TGFBR1/HAVCR2/PIM1/HSPA1A/NEK6/MIF/HMOX1/NRP1/PSMA6/GBP5/SKIL/APP/NFAT5/FPR2/PRKCA/VEGFB/VEGFA"
"GO:0045765","regulation of angiogenesis",55,0.502993311951002,2.167437374069,0.00155159240223276,0.024787009202611,0.0201659769372401,216,"tags=36%, list=15%, signal=32%","ANGPTL4/C3/TGM2/GPNMB/ADM/ITGA5/SPHK1/HSPB1/HK2/ENG/ITGAX/VASH1/TNFSF12/RHOB/HMOX1/NRP1/SERPINF1/PRKCA/VEGFB/VEGFA"
"GO:0034329","cell junction assembly",47,0.50741361215604,2.10961470929291,0.00169199061656163,0.0268083431296198,0.0218104743843233,296,"tags=45%, list=20%, signal=37%","FN1/MMP14/SNAI1/ACTN1/ITGA5/IL1RAP/SDC4/DOCK4/CD9/NRP1/CORO1C/APP/PRKCA/VEGFA/SRGAP1/SEMA4D/DOCK10/RAB13/TLR2/PLEC/SETD5"
"GO:0032535","regulation of cellular component size",38,0.546031312129895,2.13425147674237,0.00174936524229562,0.0272703468819148,0.022186346960863,33,"tags=11%, list=2%, signal=11%","FN1/SPP1/APOE/IL7R"
"GO:0009891","positive regulation of biosynthetic process",303,0.302165659779842,1.62796992555228,0.00174253375885795,0.0272703468819148,0.022186346960863,220,"tags=20%, list=15%, signal=22%","FN1/SPP1/NUPR1/CLEC5A/TREM2/MMP12/C3/APOE/MMP14/ADM/IL7R/SNAI1/ASPH/ACTN1/HPSE/ADAM8/CD81/DNAJA4/ID3/ABCG1/ETV5/SPHK1/HSPH1/SLC5A3/HSPB1/IL1RAP/HSPA1B/SLC25A37/SLC11A1/SLC7A5/ENG/ITGAX/ACSL3/IL4I1/INHBA/CEBPB/TGFBR1/CCL2/CD38/YWHAH/HAVCR2/PIM1/IER5/HSPA1A/PNP/INO80C/MIF/SOAT1/HMOX1/GSN/HSPD1/GBP5/HSPA5/ATF5/HMGA1/APP/NFAT5/NAA15/TSC22D1/PRKCA/VEGFA/OPN3"
"GO:0048675","axon extension",10,0.765258570590827,2.10073036745482,0.00179887245845846,0.0275969877952398,0.0224520923386545,216,"tags=60%, list=15%, signal=51%","FN1/APOE/ALCAM/NRP1/NRP2/VEGFA"
"GO:0032787","monocarboxylic acid metabolic process",68,0.452380775496634,2.01198313880215,0.0017888777381597,0.0275969877952398,0.0224520923386545,230,"tags=31%, list=16%, signal=27%","ANGPTL4/NUPR1/C3/APOC1/SCD/SLC1A3/FBP1/HK2/FABP5/SDS/ACSL3/IL4I1/PTGS1/MIF/LDHA/APP/MTHFS/SLC16A3/ACSL4/DEGS1/SESN2"
"GO:0046545","development of primary female sexual characteristics",16,0.673665074858725,2.08187922751248,0.00184571962277774,0.0278732502408544,0.0226768512864304,120,"tags=44%, list=8%, signal=41%","NUPR1/LHFPL2/MMP14/MMP19/RETN/INHBA/CEBPB"
"GO:0030335","positive regulation of cell migration",84,0.441295038151184,2.03738849717904,0.00183809302834599,0.0278732502408544,0.0226768512864304,216,"tags=33%, list=15%, signal=30%","FN1/TREM2/PLAU/GPNMB/MMP14/SNAI1/ADAM8/ITGA5/SPHK1/HSPB1/DOCK4/ITGAX/ITGAV/MMP9/TGFBR1/CCL2/CCL20/RHOB/PTP4A1/HMOX1/NRP1/HSPA5/NRP2/APP/FPR2/PRKCA/VEGFB/VEGFA"
"GO:0048598","embryonic morphogenesis",52,0.491580618434312,2.08065172075733,0.00188897090859239,0.0283052772582101,0.0230283356788008,138,"tags=25%, list=9%, signal=23%","FN1/MMP14/ADM/SNAI1/ITGA5/SDC4/ENG/RALA/ITGAV/INHBA/MMP9/TGFBR1/ST14"
"GO:0019220","regulation of phosphate metabolic process",75,0.453682365956756,2.06489867337505,0.00196934113717521,0.0286220783320277,0.0232860756544501,239,"tags=28%, list=16%, signal=25%","FN1/NUPR1/TREM2/C3/APOC1/FBP1/SPHK1/HSPB1/ACSL3/INHBA/MMP9/ANKLE2/PIM1/MIF/NRP1/CORO1C/APP/VEGFB/VEGFA/SESN2/SEMA4D"
"GO:0051174","regulation of phosphorus metabolic process",75,0.453682365956756,2.06489867337505,0.00196934113717521,0.0286220783320277,0.0232860756544501,239,"tags=28%, list=16%, signal=25%","FN1/NUPR1/TREM2/C3/APOC1/FBP1/SPHK1/HSPB1/ACSL3/INHBA/MMP9/ANKLE2/PIM1/MIF/NRP1/CORO1C/APP/VEGFB/VEGFA/SESN2/SEMA4D"
"GO:0006082","organic acid metabolic process",91,0.414830117504486,1.94995736892429,0.0019629301535095,0.0286220783320277,0.0232860756544501,230,"tags=29%, list=16%, signal=26%","ANGPTL4/NUPR1/C3/APOC1/SCD/BCAT1/SLC1A3/ALOX5AP/FBP1/ERO1A/HK2/FABP5/SDS/ACSL3/IL4I1/PTGS1/MIF/UGP2/LDHA/APP/ANKH/MTHFS/SLC16A3/ACSL4/DEGS1/SESN2"
"GO:0043436","oxoacid metabolic process",91,0.414830117504486,1.94995736892429,0.0019629301535095,0.0286220783320277,0.0232860756544501,230,"tags=29%, list=16%, signal=26%","ANGPTL4/NUPR1/C3/APOC1/SCD/BCAT1/SLC1A3/ALOX5AP/FBP1/ERO1A/HK2/FABP5/SDS/ACSL3/IL4I1/PTGS1/MIF/UGP2/LDHA/APP/ANKH/MTHFS/SLC16A3/ACSL4/DEGS1/SESN2"
"GO:0051896","regulation of phosphatidylinositol 3-kinase/protein kinase B signal transduction",44,0.547189712334705,2.23381502210805,0.00210411694228029,0.0301962130478131,0.0245667450613623,239,"tags=39%, list=16%, signal=33%","FN1/TREM2/HPSE/ADAM8/MERTK/ENG/PLK3/AXL/TGFBR1/APP/FPR2/PRKCA/VEGFB/VEGFA/SESN2/PIK3IP1/SEMA4D"
"GO:0072330","monocarboxylic acid biosynthetic process",21,0.642993613980719,2.10826250850597,0.00210889227183381,0.0301962130478131,0.0245667450613623,280,"tags=52%, list=19%, signal=43%","ANGPTL4/APOC1/SCD/FABP5/SDS/PTGS1/MIF/ACSL4/DEGS1/ACADVL/NME1"
"GO:0010810","regulation of cell-substrate adhesion",31,0.578301680686797,2.12910396426501,0.00221064243498541,0.0314203810796089,0.0255626919339645,82,"tags=19%, list=6%, signal=19%","FN1/MMP12/PLAU/MMP14/ITGA5/SDC4"
"GO:0043491","phosphatidylinositol 3-kinase/protein kinase B signal transduction",50,0.508430016575698,2.12769733934819,0.0022474458318424,0.0316264955225621,0.0257303805433102,239,"tags=34%, list=16%, signal=29%","FN1/TREM2/HPSE/ADAM8/MERTK/ENG/PLK3/AXL/TGFBR1/APP/FPR2/PRKCA/VEGFB/VEGFA/SESN2/PIK3IP1/SEMA4D"
"GO:0007044","cell-substrate junction assembly",17,0.659487980026812,2.06380986290295,0.00225786672639088,0.0316264955225621,0.0257303805433102,82,"tags=29%, list=6%, signal=28%","FN1/MMP14/ACTN1/ITGA5/SDC4"
"GO:0034446","substrate adhesion-dependent cell spreading",14,0.701597322637137,2.07723719563528,0.00228006166857102,0.0317076201823582,0.025796381165052,201,"tags=43%, list=14%, signal=37%","FN1/MERTK/ITGAV/AXL/NRP1/CORO1C"
"GO:0030182","neuron differentiation",114,0.389102053869591,1.89321973683437,0.00233978805651138,0.0323057879516893,0.0262830327550978,255,"tags=29%, list=18%, signal=26%","FN1/SPP1/C3/APOE/SLC11A2/SLC1A3/ID3/ETV5/FKBP4/ALCAM/UGCG/SDC4/PMP22/ACSL3/INHBA/CEBPB/TGFBR1/CD38/YWHAH/NRP1/SERPINF1/ATF5/SKIL/NRP2/APP/PRKCA/VEGFA/ACSL4/DENND5A/PGRMC1/SEMA4D/DOCK10/MDM2"
"GO:0061136","regulation of proteasomal protein catabolic process",23,0.628675268017014,2.13976816208701,0.00262614930271978,0.0360024581713287,0.0292905342162251,100,"tags=26%, list=7%, signal=25%","NUPR1/TREM2/APOE/ZFAND2A/HSPA1B/PLK3"
"GO:0007229","integrin-mediated signaling pathway",19,0.654751082199703,2.11894599517367,0.00266898861130288,0.0363320773637216,0.0295587026337028,106,"tags=26%, list=7%, signal=25%","FN1/PLAU/ITGA5/ITGAX/ITGAV"
"GO:0001816","cytokine production",131,0.368061719421546,1.81742021832016,0.00271998660195645,0.036767371339733,0.0299128449269263,187,"tags=21%, list=13%, signal=20%","FN1/CLEC5A/TREM2/MMP12/C3/GPNMB/HPSE/ADAM8/CD81/ACP5/SPHK1/HSPB1/IL1RAP/HSPA1B/SLC11A1/MERTK/SLC7A5/ITGAV/AXL/INHBA/CEBPB/HAVCR2/HSPA1A/PNP/MIF/HMOX1/HSPD1/GBP5"
"GO:0007155","cell adhesion",193,0.326318533529358,1.69721870399259,0.00274558018524397,0.0368556006810875,0.0299846257072697,216,"tags=23%, list=15%, signal=23%","FN1/SPP1/MMP12/PLAU/TGM2/GPNMB/MMP14/IL7R/ACTN1/HPSE/ADAM8/CD81/OLR1/ADAMDEC1/ITGA5/HSPH1/KRT18/HSPB1/IL1RAP/ALCAM/MERTK/SDC4/ENG/ITGAX/ATP2C1/ITGAV/IL4I1/AXL/PAG1/CEBPB/CD9/CCL2/LGALS3BP/HAVCR2/RHOB/PNP/HSPD1/NRP1/CORO1C/NRP2/APP/NFAT5/FPR2/PRKCA/VEGFA"
"GO:0007369","gastrulation",23,0.625668882234723,2.12953558430454,0.00285829283143114,0.0376426229673587,0.0306249237417888,122,"tags=30%, list=8%, signal=28%","FN1/MMP14/SNAI1/ITGA5/ITGAV/INHBA/MMP9"
"GO:0032371","regulation of sterol transport",11,0.744527720773423,2.06717175115477,0.00288210460381226,0.0376426229673587,0.0306249237417888,56,"tags=36%, list=4%, signal=35%","TREM2/APOE/APOC1/ABCG1"
"GO:0032374","regulation of cholesterol transport",11,0.744527720773423,2.06717175115477,0.00288210460381226,0.0376426229673587,0.0306249237417888,56,"tags=36%, list=4%, signal=35%","TREM2/APOE/APOC1/ABCG1"
"GO:0034330","cell junction organization",81,0.438525049140632,2.008374102182,0.00283645586193149,0.0376426229673587,0.0306249237417888,296,"tags=37%, list=20%, signal=31%","FN1/TREM2/C3/APOE/MMP14/SNAI1/ACTN1/ITGA5/ETV5/IL1RAP/SDC4/DOCK4/CD9/TGFBR1/RHOB/NRP1/CORO1C/NRP2/APP/PRKCA/VEGFA/SRGAP1/PGRMC1/SEMA4D/DOCK10/RAB13/TLR2/C1QC/PLEC/SETD5"
"GO:0055085","transmembrane transport",136,0.360693263550193,1.79470746073724,0.00293285097244558,0.0380483283874987,0.0309549936618417,272,"tags=33%, list=19%, signal=30%","C3/FXYD3/SLC11A2/ASPH/SLC1A3/HPSE/PPIF/SLC16A10/ABCG1/ERO1A/SLC5A3/SLC25A37/SLC11A1/HK2/SLC7A5/SLCO2B1/FABP5/ATP2C1/SLC20A1/ITGAV/SLC26A2/MMP9/CATSPER1/PLP2/SLC43A3/ATP6V0A1/CLIC4/PIM1/GRPEL1/SLC44A1/PEA15/HSPD1/GPR35/HSPA5/ANKH/SLC16A3/OPN3/SESN2/TAP2/VDAC1/ATP13A3/ATP1A1/ATP6V1B2/ATP2A2/ATP6V1H"
"GO:0048699","generation of neurons",119,0.384143315252439,1.86564546380982,0.0030228312966408,0.0384416637921491,0.031274999703472,245,"tags=28%, list=17%, signal=25%","FN1/SPP1/C3/APOE/SLC11A2/SLC1A3/ID3/ETV5/FKBP4/ALCAM/UGCG/SDC4/PMP22/ACSL3/AXL/INHBA/CEBPB/TGFBR1/CD38/YWHAH/NRP1/SERPINF1/ATF5/SKIL/NRP2/APP/PRKCA/VEGFA/ACSL4/DENND5A/PGRMC1/SEMA4D/DOCK10"
"GO:0045595","regulation of cell differentiation",172,0.334436711783953,1.7175523144636,0.00300120096094453,0.0384416637921491,0.031274999703472,216,"tags=22%, list=15%, signal=21%","FN1/SPP1/TREM2/TGM2/MMP14/CD109/ADM/IL7R/SNAI1/ADAM8/SLAMF8/ID3/ABCG1/ETV5/HSPA1B/SLC7A5/ENG/ITGAV/IL4I1/AXL/INHBA/CEBPB/MMP9/TGFBR1/YWHAH/PIM1/HSPA1A/PNP/SRRT/NRP1/BHLHE40/SERPINF1/SKIL/CORO1C/APP/TSC22D1/PRKCA/VEGFA"
"GO:0009605","response to external stimulus",306,0.287280924077852,1.5541208338504,0.00301583262154943,0.0384416637921491,0.031274999703472,239,"tags=22%, list=16%, signal=23%","SPP1/NUPR1/CLEC5A/TREM2/MMP12/C3/PLAU/APOE/BAG3/GPNMB/MMP14/CD109/ADM/IL7R/RETN/SLC1A3/HPSE/ADAM8/CD81/SLAMF8/BNIP3/ACP5/SPHK1/HSPB1/IL1RAP/HSPA1B/SLC11A1/SLC7A5/DOCK4/ENG/ITGAX/PPP1R14B/TREM1/RALA/A2M/ITGAV/AXL/CEBPB/MMP9/CD9/CCL2/PLP2/CCL20/HAVCR2/PIM1/HSPA1A/MIF/GSN/HSPD1/NRP1/PSMA6/GBP5/BHLHE40/CORO1C/NRP2/APP/FPR2/PRKCA/VEGFB/VEGFA/THBD/OPN3/TNIP1/TAP2/FPR3/RNF19B/SEMA4D"
"GO:0015698","inorganic anion transport",14,0.693171837734469,2.05229164629182,0.00308660328003361,0.0389961054921893,0.0317260770579306,205,"tags=57%, list=14%, signal=50%","FXYD3/SLC1A3/SLC11A1/SLC20A1/SLC26A2/CEBPB/CLIC4/ANKH"
"GO:0045862","positive regulation of proteolysis",34,0.555560025424758,2.09286938032434,0.00316609915996656,0.0397407121832166,0.0323318670197542,100,"tags=26%, list=7%, signal=25%","NUPR1/TREM2/APOE/MMP14/ASPH/ADAM8/ZFAND2A/HSPA1B/PLK3"
"GO:0051222","positive regulation of protein transport",37,0.552625625214112,2.14790780384038,0.00321705375300987,0.0401197735778586,0.0326402601493837,276,"tags=49%, list=19%, signal=40%","TREM2/APOE/BAG3/ASPH/ADAM8/CD81/ABCG1/PLK3/ATP2C1/ACSL3/CD38/APP/PRKCA/ACSL4/PGRMC1/MDM2/ZC3H12A/TLR2"
"GO:0048667","cell morphogenesis involved in neuron differentiation",45,0.516799453616364,2.12814281530062,0.00332873699377089,0.0403889406450927,0.032859246507348,245,"tags=36%, list=17%, signal=31%","FN1/SPP1/APOE/SLC11A2/SLC1A3/ALCAM/YWHAH/NRP1/SKIL/NRP2/APP/PRKCA/VEGFA/PGRMC1/SEMA4D/DOCK10"
"GO:0051962","positive regulation of nervous system development",30,0.57376870610331,2.10132012339142,0.00333374434997991,0.0403889406450927,0.032859246507348,239,"tags=40%, list=16%, signal=34%","FN1/TGM2/ETV5/IL1RAP/SLC7A5/SRRT/NRP1/SERPINF1/SKIL/PRKCA/VEGFA/SEMA4D"
"GO:1903035","negative regulation of response to wounding",12,0.71600047210822,2.05094144867073,0.00328439843743405,0.0403889406450927,0.032859246507348,29,"tags=33%, list=2%, signal=33%","SPP1/PLAU/APOE/CD109"
"GO:0043277","apoptotic cell clearance",15,0.675746732479668,2.04739787964335,0.00335287820863278,0.0403889406450927,0.032859246507348,137,"tags=47%, list=9%, signal=43%","TREM2/C3/TGM2/MERTK/ITGAV/AXL/CCL2"
"GO:0050918","positive chemotaxis",10,0.745457775738962,2.0463747121984,0.00336400385093633,0.0403889406450927,0.032859246507348,216,"tags=80%, list=15%, signal=69%","GPNMB/CCL2/MIF/NRP1/APP/FPR2/VEGFB/VEGFA"
"GO:1990138","neuron projection extension",14,0.687645199083957,2.03592878542951,0.00333568732020454,0.0403889406450927,0.032859246507348,216,"tags=43%, list=15%, signal=37%","FN1/APOE/ALCAM/NRP1/NRP2/VEGFA"
"GO:0097242","amyloid-beta clearance",11,0.738192515314638,2.04958213374125,0.00351361899838979,0.0416676412508433,0.0338995594678356,12,"tags=27%, list=1%, signal=27%","TREM2/C3/APOE"
"GO:0010557","positive regulation of macromolecule biosynthetic process",292,0.292267057915862,1.57796935691556,0.00350227727418125,0.0416676412508433,0.0338995594678356,216,"tags=20%, list=15%, signal=21%","FN1/SPP1/NUPR1/CLEC5A/TREM2/MMP12/C3/APOE/MMP14/IL7R/SNAI1/ASPH/ACTN1/HPSE/ADAM8/CD81/DNAJA4/ID3/ETV5/SPHK1/HSPH1/HSPB1/IL1RAP/HSPA1B/SLC25A37/SLC11A1/SLC7A5/ENG/ITGAX/IL4I1/INHBA/CEBPB/TGFBR1/CCL2/CD38/YWHAH/HAVCR2/PIM1/IER5/HSPA1A/PNP/INO80C/MIF/SOAT1/HMOX1/GSN/HSPD1/GBP5/HSPA5/ATF5/HMGA1/APP/NFAT5/NAA15/TSC22D1/PRKCA/VEGFA"
"GO:0070887","cellular response to chemical stimulus",267,0.296918454003126,1.58623716974957,0.00353926013874493,0.0417157917572802,0.0339387332945117,216,"tags=23%, list=15%, signal=24%","SPP1/TREM2/C3/APOE/TGM2/FABP1/MMP14/SLC11A2/NDRG1/DHRS3/ASPH/SLC1A3/ADAM8/PPIF/SLAMF8/ZFAND2A/BNIP3/ID3/ETV5/ALOX5AP/FBP1/ERO1A/ALAS1/SPHK1/FKBP4/HSPB1/HSPA1B/UGCG/SLC11A1/SLC7A5/SLCO2B1/DOCK4/ENG/TREM1/AXL/INHBA/CTSL/CEBPB/MMP9/PTGS1/CCL2/YWHAH/CCL20/CLIC4/HAVCR2/MT1F/PIM1/RHOB/HSPA1A/MIF/HMOX1/NRP1/GBP5/SERPINF1/CORO1C/APP/NFAT5/FPR2/PRKCA/VEGFB/VEGFA"
"GO:0048638","regulation of developmental growth",27,0.608278329448796,2.18043452400716,0.00364236080360382,0.0424846356653668,0.0345642419386598,12,"tags=11%, list=1%, signal=11%","FN1/SPP1/APOE"
"GO:0040007","growth",93,0.400564160057978,1.88291543792834,0.00364844776019187,0.0424846356653668,0.0345642419386598,239,"tags=28%, list=16%, signal=25%","FN1/SPP1/APOE/MMP14/ADM/CD81/FBP1/SPHK1/ALCAM/HSPA1B/INHBA/CD9/TGFBR1/CD38/CLIC4/MT1F/PIM1/HSPA1A/NRP1/ATF5/NRP2/APP/VEGFA/ACSL4/SESN2/SEMA4D"
"GO:0032963","collagen metabolic process",15,0.672378245954022,2.03719193732986,0.00372199257353039,0.0430815068540972,0.0350498386691106,122,"tags=47%, list=8%, signal=43%","MMP12/SERPINH1/MMP14/MMP19/INHBA/CTSL/MMP9"
"GO:0006140","regulation of nucleotide metabolic process",10,0.741542153888565,2.03562584110474,0.00380414181539099,0.0435112788707147,0.0353994884596334,60,"tags=30%, list=4%, signal=29%","NUPR1/TREM2/FBP1"
"GO:1900542","regulation of purine nucleotide metabolic process",10,0.741542153888565,2.03562584110474,0.00380414181539099,0.0435112788707147,0.0353994884596334,60,"tags=30%, list=4%, signal=29%","NUPR1/TREM2/FBP1"
"GO:0006633","fatty acid biosynthetic process",20,0.635450961278248,2.07546190301007,0.00386164721188898,0.0439092003563612,0.0357232256010039,280,"tags=50%, list=19%, signal=41%","ANGPTL4/APOC1/SCD/FABP5/PTGS1/MIF/ACSL4/DEGS1/ACADVL/NME1"
"GO:0032879","regulation of localization",232,0.310710580513724,1.6543527323743,0.0039553954094981,0.0447121598044434,0.0363764896385974,238,"tags=23%, list=16%, signal=23%","SPP1/TREM2/C3/FXYD3/APOE/TGM2/APOC1/BAG3/MMP14/RETN/ASPH/ADAM8/CD81/PPIF/ABCG1/ERO1A/SPHK1/SLC5A3/SLC11A1/MERTK/HK2/STX6/SLC7A5/SDC4/RALA/FABP5/PLK3/ATP2C1/ACSL3/ITGAV/AXL/INHBA/CEBPB/MMP9/CCL2/CD38/YWHAH/PLIN2/PIM1/HSPA1A/MIF/PEA15/GSN/NRP1/GPR35/APP/FPR2/PRKCA/VEGFA/OPN3/ACSL4/SESN2/VDAC1/PGRMC1"
"GO:0019752","carboxylic acid metabolic process",86,0.430647411286364,1.99632196475883,0.00406651346353279,0.0457009914244702,0.0371809737730599,230,"tags=29%, list=16%, signal=26%","ANGPTL4/NUPR1/C3/APOC1/SCD/BCAT1/SLC1A3/ALOX5AP/FBP1/ERO1A/HK2/FABP5/SDS/ACSL3/IL4I1/PTGS1/MIF/UGP2/LDHA/APP/MTHFS/SLC16A3/ACSL4/DEGS1/SESN2"
"GO:0045927","positive regulation of growth",22,0.627105926667971,2.08362866539741,0.00419098770024096,0.0460294274123056,0.0374481795703349,239,"tags=45%, list=16%, signal=39%","FN1/MMP14/SPHK1/TGFBR1/CD38/PIM1/NRP1/VEGFA/ACSL4/SEMA4D"
"GO:0065004","protein-DNA complex assembly",12,-0.581472504630679,-1.94456125459783,0.00415721361277502,0.0460294274123056,0.0374481795703349,543,"tags=92%, list=37%, signal=58%","BDP1/MED30/TAF11/GTF2B/BAZ2A/TAF3/NFKBIZ/MIS18BP1/RAD51C/ATAD2B/CENPC"
"GO:0000902","cell morphogenesis",87,0.416208375390737,1.9375303773485,0.00413787574245858,0.0460294274123056,0.0374481795703349,245,"tags=28%, list=17%, signal=24%","FN1/SPP1/APOE/SLC11A2/IL7R/ACTN1/SLC1A3/ADAM8/FMNL2/ALCAM/CCL2/ST14/YWHAH/CLIC4/NRP1/SKIL/CORO1C/NRP2/APP/PRKCA/VEGFA/PGRMC1/SEMA4D/DOCK10"
"GO:0045597","positive regulation of cell differentiation",108,0.378822917784114,1.83634196394289,0.00417706107596291,0.0460294274123056,0.0374481795703349,278,"tags=31%, list=19%, signal=28%","FN1/TREM2/TGM2/MMP14/ADM/IL7R/SNAI1/ADAM8/ETV5/HSPA1B/SLC7A5/ENG/IL4I1/AXL/INHBA/CEBPB/TGFBR1/PIM1/HSPA1A/PNP/SRRT/NRP1/SERPINF1/SKIL/CORO1C/APP/PRKCA/VEGFA/SEMA4D/MDM2/IL6R/ZC3H12A/SPINT1/IL2RG"
"GO:0007548","sex differentiation",30,0.565522660775137,2.07112053111291,0.00428622280780893,0.0468094276129642,0.0380827646438688,130,"tags=37%, list=9%, signal=34%","NUPR1/LHFPL2/MMP14/MMP19/RETN/FKBP4/MERTK/AXL/INHBA/CEBPB/TGFBR1"
"GO:0150115","cell-substrate junction organization",19,0.629117583121451,2.03598927820015,0.00433391157724563,0.046976028356009,0.0382183060766615,82,"tags=26%, list=6%, signal=25%","FN1/MMP14/ACTN1/ITGA5/SDC4"
"GO:0040008","regulation of growth",61,0.459983263122222,2.02784817464094,0.00435008229473648,0.046976028356009,0.0382183060766615,239,"tags=31%, list=16%, signal=27%","FN1/SPP1/APOE/MMP14/FBP1/SPHK1/HSPA1B/INHBA/TGFBR1/CD38/MT1F/PIM1/HSPA1A/NRP1/APP/VEGFA/ACSL4/SESN2/SEMA4D"
"GO:0009893","positive regulation of metabolic process",386,0.278970514209269,1.52695225566857,0.00443074944598356,0.0475813259949235,0.0387107583175406,216,"tags=19%, list=15%, signal=23%","FN1/SPP1/NUPR1/CLEC5A/TREM2/MMP12/C3/APOE/BAG3/SCD/MMP14/ADM/IL7R/SNAI1/ASPH/ACTN1/HPSE/ADAM8/CD81/DNAJA4/ZFAND2A/BNIP3/ID3/ABCG1/ETV5/SPHK1/HSPH1/SLC5A3/HSPB1/IL1RAP/HSPA1B/SLC25A37/SLC11A1/HK2/SLC7A5/ENG/ITGAX/FABP5/PLK3/ACSL3/IL4I1/INHBA/CEBPB/MMP9/TGFBR1/CCL2/SCOC/TNFSF12/CD38/YWHAH/HAVCR2/PIM1/IER5/HSPA1A/PNP/INO80C/MIF/SOAT1/HMOX1/GSN/HSPD1/NRP1/GBP5/HSPA5/ATF5/HMGA1/APP/NFAT5/FPR2/G0S2/NAA15/TSC22D1/PRKCA/VEGFB/VEGFA"
"GO:0045732","positive regulation of protein catabolic process",38,0.513769240676698,2.00814996550638,0.00450568265772188,0.0481186993225215,0.0391479493494417,162,"tags=26%, list=11%, signal=24%","NUPR1/TREM2/APOE/ADAM8/CD81/ZFAND2A/HSPA1B/PLK3/TNFSF12/HSPA1A"
"GO:0010977","negative regulation of neuron projection development",16,0.643510946171299,1.98869159395251,0.00456808598069313,0.0485170890147243,0.0394720674098065,255,"tags=50%, list=18%, signal=42%","SPP1/APOE/FKBP4/PMP22/CD38/NRP1/DENND5A/MDM2"
"GO:0030100","regulation of endocytosis",52,0.464007968590187,1.96394841881118,0.00462938941783795,0.0488995068015342,0.0397831912007472,304,"tags=40%, list=21%, signal=33%","TREM2/C3/APOE/TGM2/APOC1/SPHK1/SLC11A1/MERTK/RALA/ITGAV/AXL/CCL2/APP/FPR2/VEGFA/MDM2/TLR2/IL2RG/FGR/CD151/PIK3CB"
"GO:0010646","regulation of cell communication",374,0.276763939858924,1.51038283080966,0.00468616883301476,0.0492302410555301,0.0400522667993367,233,"tags=20%, list=16%, signal=22%","FN1/SPP1/NUPR1/TREM2/MMP12/C3/PLAU/APOE/TGM2/GPNMB/MMP14/CD109/ADM/IL7R/SNAI1/RETN/DHRS3/ASPH/SLC1A3/HPSE/ADAM8/CD81/PPIF/ITGA5/FBP1/SPHK1/HSPB1/HSPA1B/UGCG/MERTK/ENG/RALA/FABP5/DENND3/PLK3/ATP2C1/SLC20A1/ITGAV/AXL/INHBA/MMP9/TGFBR1/SAP30/CCL2/TNFSF12/CD38/YWHAH/HAVCR2/PIM1/HSPA1A/NEK6/MIF/PEA15/HMOX1/NRP1/PSMA6/GBP5/HSPA5/RPF2/SKIL/APP/NFAT5/FPR2/G0S2/TSC22D1/PRKCA/VEGFB/VEGFA/ACSL4/DUSP4/TNIP1/SESN2/PIK3IP1"
"GO:0090207","regulation of triglyceride metabolic process",11,0.724127963146224,2.0105320834557,0.00477975829156333,0.0494078758159996,0.040196785182075,14,"tags=27%, list=1%, signal=27%","C3/APOE/APOC1"
"GO:0036230","granulocyte activation",12,-0.575256651742267,-1.92377418969824,0.00474235091453892,0.0494078758159996,0.040196785182075,480,"tags=83%, list=33%, signal=56%","SYK/PRAM1/VAMP2/CCL5/MYD88/LILRA2/CLEC12A/DNASE1L3/FCER1A/CTSG"
"GO:0001817","regulation of cytokine production",130,0.362720770655381,1.79138499554471,0.00477270585351508,0.0494078758159996,0.040196785182075,187,"tags=21%, list=13%, signal=20%","FN1/CLEC5A/TREM2/MMP12/C3/GPNMB/HPSE/ADAM8/CD81/ACP5/SPHK1/HSPB1/IL1RAP/HSPA1B/SLC11A1/MERTK/SLC7A5/AXL/INHBA/CEBPB/HAVCR2/HSPA1A/PNP/MIF/HMOX1/HSPD1/GBP5"
"GO:0090066","regulation of anatomical structure size",48,0.50065580856897,2.08663458089101,0.00484687614109371,0.0498351679826284,0.040544417440056,33,"tags=10%, list=2%, signal=11%","FN1/SPP1/APOE/ADM/IL7R"
